Workbook

Sheet How to Play
B2: ⚽ 2026 WORLD CUP — PREDICTION LEAGUE (PRO RULES)
B3: Ganesh • Siddhesh • Aniket USA · Canada · Mexico · June 11 – July 19, 2026
B5: HOW IT WORKS
B6: The idea | C6: Before each match, all three of you type your predicted scoreline. Once the real result is in, points are awarded automatically.
B7: Where to play | C7: The 'Group Stage' tab lists all 72 matches in DATE ORDER, each with its kickoff time and venue, so upcoming games are easy to find. Fill your two numbers per match.
B8: Times | C8: All kickoff times are US Eastern (ET). In Dallas you're Central — subtract 1 hour (a 3:00 PM ET game starts 2:00 PM your time).
B9: Standings | C9: The 'Leaderboard' tab tallies everything live.
B11: SCORING — tiers
B12: Result | C12: Points
B13: Exact scoreline | C13: 5 pts — dead on (said 2–1, finished 2–1).
B14: Right result + right goal difference | C14: 4 pts — correct winner AND margin (said 2–0, finished 3–1).
B15: Right result only | C15: 3 pts — correct winner/draw, wrong margin.
B16: Wrong | C16: 0 pts.
B17: No prediction on a played match | C17: –1 pt — show up or get docked.
B19: THE JOKER
B20: What it is | C20: You each get 8 Jokers for the whole tournament. Put a capital 'J' in your Joker column on a match and your points there DOUBLE. Active Jokers light up gold.
B21: The catch | C21: Jokers only double positive scores. The Leaderboard tracks usage and turns RED if you blow your budget.
B23: BONUS CALLS
B24: Lock in Day 1 | C24: On the 'Bonus Calls' tab you each pick the champion, top scorer, best player and more — up to 25 pts each. They settle at the end and can swing the title.
B26: STRICT MODE
B27: Lock before kickoff | C27: Scorekeeper puts 'L' in the Lock column at kickoff; locked rows go grey. No edits after.
B28: Miss = penalty | C28: Skip a played match, lose a point.
B29: One scorekeeper | C29: One person enters real results (gold columns).
B30: Tie-break | C30: total → most exact (5pt) → Jokers landed → sudden-death predict-off.
B32: STAKES
B33: Loser pays | C33: Bottom of the table buys dinner / runs the next gym setup / owns the bragging rights. Agree before kickoff. 😏
B35: KNOCKOUT STAGE
B36: Auto-fills | C36: Once the groups finish, the 'Knockout' tab fills its team names, dates and scores automatically from the results (the data source handles who advances, including the 8 best third-place teams). Then you predict each knockout scoreline with the same rules. Use the full-time score (if a game goes to penalties, the scoreline is the goals, not the shootout).
B37: Standings tab | C37: Shows all 12 group tables live from the scores so you can see who's advancing as results come in.

Sheet Standings
A1: 📊 GROUP STANDINGS — updates live from the scores
A2: Green = advancing (top 2). Yellow = 3rd place (may still qualify as one of the 8 best). Ranked by Pts → GD → GF; rare exact ties may need a manual head-to-head check.
A4: GROUP A
A5: Pos | B5: Team | C5: Pld | D5: W | E5: D | F5: L | G5: GF | H5: GA | I5: GD | J5: Pts
A6: =IF(SUM($C$6:$C$9)=0,"-",SUMPRODUCT(--(($J$6:$J$9*1000+$I$6:$I$9*10+$G$6:$G$9)>(J6*1000+I6*10+G6)))+1) -> 1 | B6: Mexico | C6: =COUNTIFS('Group Stage'!$E$4:$E$75,"Mexico",'Group Stage'!$H$4:$H$75,"<>")+COUNTIFS('Group Stage'!$F$4:$F$75,"Mexico",'Group Stage'!$H$4:$H$75,"<>") -> 2 | D6: =SUMPRODUCT(('Group Stage'!$E$4:$E$75="Mexico")*('Group Stage'!$H$4:$H$75<>"")*('Group Stage'!$H$4:$H$75>'Group Stage'!$I$4:$I$75))+SUMPRODUCT(('Group Stage'!$F$4:$F$75="Mexico")*('Group Stage'!$H$4:$H$75<>"")*('Group Stage'!$I$4:$I$75>'Group Stage'!$H$4:$H$75)) -> 2 | E6: =SUMPRODUCT((('Group Stage'!$E$4:$E$75="Mexico")+('Group Stage'!$F$4:$F$75="Mexico"))*('Group Stage'!$H$4:$H$75<>"")*('Group Stage'!$H$4:$H$75='Group Stage'!$I$4:$I$75)) -> 0 | F6: =C6-D6-E6 -> 0 | G6: =SUMIFS('Group Stage'!$H$4:$H$75,'Group Stage'!$E$4:$E$75,"Mexico")+SUMIFS('Group Stage'!$I$4:$I$75,'Group Stage'!$F$4:$F$75,"Mexico") -> 3 | H6: =SUMIFS('Group Stage'!$I$4:$I$75,'Group Stage'!$E$4:$E$75,"Mexico")+SUMIFS('Group Stage'!$H$4:$H$75,'Group Stage'!$F$4:$F$75,"Mexico") -> 0 | I6: =G6-H6 -> 3 | J6: =3*D6+E6 -> 6
A7: =IF(SUM($C$6:$C$9)=0,"-",SUMPRODUCT(--(($J$6:$J$9*1000+$I$6:$I$9*10+$G$6:$G$9)>(J7*1000+I7*10+G7)))+1) -> 2 | B7: South Korea | C7: =COUNTIFS('Group Stage'!$E$4:$E$75,"South Korea",'Group Stage'!$H$4:$H$75,"<>")+COUNTIFS('Group Stage'!$F$4:$F$75,"South Korea",'Group Stage'!$H$4:$H$75,"<>") -> 2 | D7: =SUMPRODUCT(('Group Stage'!$E$4:$E$75="South Korea")*('Group Stage'!$H$4:$H$75<>"")*('Group Stage'!$H$4:$H$75>'Group Stage'!$I$4:$I$75))+SUMPRODUCT(('Group Stage'!$F$4:$F$75="South Korea")*('Group Stage'!$H$4:$H$75<>"")*('Group Stage'!$I$4:$I$75>'Group Stage'!$H$4:$H$75)) -> 1 | E7: =SUMPRODUCT((('Group Stage'!$E$4:$E$75="South Korea")+('Group Stage'!$F$4:$F$75="South Korea"))*('Group Stage'!$H$4:$H$75<>"")*('Group Stage'!$H$4:$H$75='Group Stage'!$I$4:$I$75)) -> 0 | F7: =C7-D7-E7 -> 1 | G7: =SUMIFS('Group Stage'!$H$4:$H$75,'Group Stage'!$E$4:$E$75,"South Korea")+SUMIFS('Group Stage'!$I$4:$I$75,'Group Stage'!$F$4:$F$75,"South Korea") -> 2 | H7: =SUMIFS('Group Stage'!$I$4:$I$75,'Group Stage'!$E$4:$E$75,"South Korea")+SUMIFS('Group Stage'!$H$4:$H$75,'Group Stage'!$F$4:$F$75,"South Korea") -> 2 | I7: =G7-H7 -> 0 | J7: =3*D7+E7 -> 3
A8: =IF(SUM($C$6:$C$9)=0,"-",SUMPRODUCT(--(($J$6:$J$9*1000+$I$6:$I$9*10+$G$6:$G$9)>(J8*1000+I8*10+G8)))+1) -> 3 | B8: Czechia | C8: =COUNTIFS('Group Stage'!$E$4:$E$75,"Czechia",'Group Stage'!$H$4:$H$75,"<>")+COUNTIFS('Group Stage'!$F$4:$F$75,"Czechia",'Group Stage'!$H$4:$H$75,"<>") -> 2 | D8: =SUMPRODUCT(('Group Stage'!$E$4:$E$75="Czechia")*('Group Stage'!$H$4:$H$75<>"")*('Group Stage'!$H$4:$H$75>'Group Stage'!$I$4:$I$75))+SUMPRODUCT(('Group Stage'!$F$4:$F$75="Czechia")*('Group Stage'!$H$4:$H$75<>"")*('Group Stage'!$I$4:$I$75>'Group Stage'!$H$4:$H$75)) -> 0 | E8: =SUMPRODUCT((('Group Stage'!$E$4:$E$75="Czechia")+('Group Stage'!$F$4:$F$75="Czechia"))*('Group Stage'!$H$4:$H$75<>"")*('Group Stage'!$H$4:$H$75='Group Stage'!$I$4:$I$75)) -> 1 | F8: =C8-D8-E8 -> 1 | G8: =SUMIFS('Group Stage'!$H$4:$H$75,'Group Stage'!$E$4:$E$75,"Czechia")+SUMIFS('Group Stage'!$I$4:$I$75,'Group Stage'!$F$4:$F$75,"Czechia") -> 2 | H8: =SUMIFS('Group Stage'!$I$4:$I$75,'Group Stage'!$E$4:$E$75,"Czechia")+SUMIFS('Group Stage'!$H$4:$H$75,'Group Stage'!$F$4:$F$75,"Czechia") -> 3 | I8: =G8-H8 -> -1 | J8: =3*D8+E8 -> 1
A9: =IF(SUM($C$6:$C$9)=0,"-",SUMPRODUCT(--(($J$6:$J$9*1000+$I$6:$I$9*10+$G$6:$G$9)>(J9*1000+I9*10+G9)))+1) -> 4 | B9: South Africa | C9: =COUNTIFS('Group Stage'!$E$4:$E$75,"South Africa",'Group Stage'!$H$4:$H$75,"<>")+COUNTIFS('Group Stage'!$F$4:$F$75,"South Africa",'Group Stage'!$H$4:$H$75,"<>") -> 2 | D9: =SUMPRODUCT(('Group Stage'!$E$4:$E$75="South Africa")*('Group Stage'!$H$4:$H$75<>"")*('Group Stage'!$H$4:$H$75>'Group Stage'!$I$4:$I$75))+SUMPRODUCT(('Group Stage'!$F$4:$F$75="South Africa")*('Group Stage'!$H$4:$H$75<>"")*('Group Stage'!$I$4:$I$75>'Group Stage'!$H$4:$H$75)) -> 0 | E9: =SUMPRODUCT((('Group Stage'!$E$4:$E$75="South Africa")+('Group Stage'!$F$4:$F$75="South Africa"))*('Group Stage'!$H$4:$H$75<>"")*('Group Stage'!$H$4:$H$75='Group Stage'!$I$4:$I$75)) -> 1 | F9: =C9-D9-E9 -> 1 | G9: =SUMIFS('Group Stage'!$H$4:$H$75,'Group Stage'!$E$4:$E$75,"South Africa")+SUMIFS('Group Stage'!$I$4:$I$75,'Group Stage'!$F$4:$F$75,"South Africa") -> 1 | H9: =SUMIFS('Group Stage'!$I$4:$I$75,'Group Stage'!$E$4:$E$75,"South Africa")+SUMIFS('Group Stage'!$H$4:$H$75,'Group Stage'!$F$4:$F$75,"South Africa") -> 3 | I9: =G9-H9 -> -2 | J9: =3*D9+E9 -> 1
A11: GROUP B
A12: Pos | B12: Team | C12: Pld | D12: W | E12: D | F12: L | G12: GF | H12: GA | I12: GD | J12: Pts
A13: =IF(SUM($C$13:$C$16)=0,"-",SUMPRODUCT(--(($J$13:$J$16*1000+$I$13:$I$16*10+$G$13:$G$16)>(J13*1000+I13*10+G13)))+1) -> 1 | B13: Canada | C13: =COUNTIFS('Group Stage'!$E$4:$E$75,"Canada",'Group Stage'!$H$4:$H$75,"<>")+COUNTIFS('Group Stage'!$F$4:$F$75,"Canada",'Group Stage'!$H$4:$H$75,"<>") -> 2 | D13: =SUMPRODUCT(('Group Stage'!$E$4:$E$75="Canada")*('Group Stage'!$H$4:$H$75<>"")*('Group Stage'!$H$4:$H$75>'Group Stage'!$I$4:$I$75))+SUMPRODUCT(('Group Stage'!$F$4:$F$75="Canada")*('Group Stage'!$H$4:$H$75<>"")*('Group Stage'!$I$4:$I$75>'Group Stage'!$H$4:$H$75)) -> 1 | E13: =SUMPRODUCT((('Group Stage'!$E$4:$E$75="Canada")+('Group Stage'!$F$4:$F$75="Canada"))*('Group Stage'!$H$4:$H$75<>"")*('Group Stage'!$H$4:$H$75='Group Stage'!$I$4:$I$75)) -> 1 | F13: =C13-D13-E13 -> 0 | G13: =SUMIFS('Group Stage'!$H$4:$H$75,'Group Stage'!$E$4:$E$75,"Canada")+SUMIFS('Group Stage'!$I$4:$I$75,'Group Stage'!$F$4:$F$75,"Canada") -> 7 | H13: =SUMIFS('Group Stage'!$I$4:$I$75,'Group Stage'!$E$4:$E$75,"Canada")+SUMIFS('Group Stage'!$H$4:$H$75,'Group Stage'!$F$4:$F$75,"Canada") -> 1 | I13: =G13-H13 -> 6 | J13: =3*D13+E13 -> 4
A14: =IF(SUM($C$13:$C$16)=0,"-",SUMPRODUCT(--(($J$13:$J$16*1000+$I$13:$I$16*10+$G$13:$G$16)>(J14*1000+I14*10+G14)))+1) -> 3 | B14: Bosnia-Herzegovina | C14: =COUNTIFS('Group Stage'!$E$4:$E$75,"Bosnia-Herzegovina",'Group Stage'!$H$4:$H$75,"<>")+COUNTIFS('Group Stage'!$F$4:$F$75,"Bosnia-Herzegovina",'Group Stage'!$H$4:$H$75,"<>") -> 2 | D14: =SUMPRODUCT(('Group Stage'!$E$4:$E$75="Bosnia-Herzegovina")*('Group Stage'!$H$4:$H$75<>"")*('Group Stage'!$H$4:$H$75>'Group Stage'!$I$4:$I$75))+SUMPRODUCT(('Group Stage'!$F$4:$F$75="Bosnia-Herzegovina")*('Group Stage'!$H$4:$H$75<>"")*('Group Stage'!$I$4:$I$75>'Group Stage'!$H$4:$H$75)) -> 0 | E14: =SUMPRODUCT((('Group Stage'!$E$4:$E$75="Bosnia-Herzegovina")+('Group Stage'!$F$4:$F$75="Bosnia-Herzegovina"))*('Group Stage'!$H$4:$H$75<>"")*('Group Stage'!$H$4:$H$75='Group Stage'!$I$4:$I$75)) -> 1 | F14: =C14-D14-E14 -> 1 | G14: =SUMIFS('Group Stage'!$H$4:$H$75,'Group Stage'!$E$4:$E$75,"Bosnia-Herzegovina")+SUMIFS('Group Stage'!$I$4:$I$75,'Group Stage'!$F$4:$F$75,"Bosnia-Herzegovina") -> 2 | H14: =SUMIFS('Group Stage'!$I$4:$I$75,'Group Stage'!$E$4:$E$75,"Bosnia-Herzegovina")+SUMIFS('Group Stage'!$H$4:$H$75,'Group Stage'!$F$4:$F$75,"Bosnia-Herzegovina") -> 5 | I14: =G14-H14 -> -3 | J14: =3*D14+E14 -> 1
A15: =IF(SUM($C$13:$C$16)=0,"-",SUMPRODUCT(--(($J$13:$J$16*1000+$I$13:$I$16*10+$G$13:$G$16)>(J15*1000+I15*10+G15)))+1) -> 4 | B15: Qatar | C15: =COUNTIFS('Group Stage'!$E$4:$E$75,"Qatar",'Group Stage'!$H$4:$H$75,"<>")+COUNTIFS('Group Stage'!$F$4:$F$75,"Qatar",'Group Stage'!$H$4:$H$75,"<>") -> 2 | D15: =SUMPRODUCT(('Group Stage'!$E$4:$E$75="Qatar")*('Group Stage'!$H$4:$H$75<>"")*('Group Stage'!$H$4:$H$75>'Group Stage'!$I$4:$I$75))+SUMPRODUCT(('Group Stage'!$F$4:$F$75="Qatar")*('Group Stage'!$H$4:$H$75<>"")*('Group Stage'!$I$4:$I$75>'Group Stage'!$H$4:$H$75)) -> 0 | E15: =SUMPRODUCT((('Group Stage'!$E$4:$E$75="Qatar")+('Group Stage'!$F$4:$F$75="Qatar"))*('Group Stage'!$H$4:$H$75<>"")*('Group Stage'!$H$4:$H$75='Group Stage'!$I$4:$I$75)) -> 1 | F15: =C15-D15-E15 -> 1 | G15: =SUMIFS('Group Stage'!$H$4:$H$75,'Group Stage'!$E$4:$E$75,"Qatar")+SUMIFS('Group Stage'!$I$4:$I$75,'Group Stage'!$F$4:$F$75,"Qatar") -> 1 | H15: =SUMIFS('Group Stage'!$I$4:$I$75,'Group Stage'!$E$4:$E$75,"Qatar")+SUMIFS('Group Stage'!$H$4:$H$75,'Group Stage'!$F$4:$F$75,"Qatar") -> 7 | I15: =G15-H15 -> -6 | J15: =3*D15+E15 -> 1
A16: =IF(SUM($C$13:$C$16)=0,"-",SUMPRODUCT(--(($J$13:$J$16*1000+$I$13:$I$16*10+$G$13:$G$16)>(J16*1000+I16*10+G16)))+1) -> 2 | B16: Switzerland | C16: =COUNTIFS('Group Stage'!$E$4:$E$75,"Switzerland",'Group Stage'!$H$4:$H$75,"<>")+COUNTIFS('Group Stage'!$F$4:$F$75,"Switzerland",'Group Stage'!$H$4:$H$75,"<>") -> 2 | D16: =SUMPRODUCT(('Group Stage'!$E$4:$E$75="Switzerland")*('Group Stage'!$H$4:$H$75<>"")*('Group Stage'!$H$4:$H$75>'Group Stage'!$I$4:$I$75))+SUMPRODUCT(('Group Stage'!$F$4:$F$75="Switzerland")*('Group Stage'!$H$4:$H$75<>"")*('Group Stage'!$I$4:$I$75>'Group Stage'!$H$4:$H$75)) -> 1 | E16: =SUMPRODUCT((('Group Stage'!$E$4:$E$75="Switzerland")+('Group Stage'!$F$4:$F$75="Switzerland"))*('Group Stage'!$H$4:$H$75<>"")*('Group Stage'!$H$4:$H$75='Group Stage'!$I$4:$I$75)) -> 1 | F16: =C16-D16-E16 -> 0 | G16: =SUMIFS('Group Stage'!$H$4:$H$75,'Group Stage'!$E$4:$E$75,"Switzerland")+SUMIFS('Group Stage'!$I$4:$I$75,'Group Stage'!$F$4:$F$75,"Switzerland") -> 5 | H16: =SUMIFS('Group Stage'!$I$4:$I$75,'Group Stage'!$E$4:$E$75,"Switzerland")+SUMIFS('Group Stage'!$H$4:$H$75,'Group Stage'!$F$4:$F$75,"Switzerland") -> 2 | I16: =G16-H16 -> 3 | J16: =3*D16+E16 -> 4
A18: GROUP C
A19: Pos | B19: Team | C19: Pld | D19: W | E19: D | F19: L | G19: GF | H19: GA | I19: GD | J19: Pts
A20: =IF(SUM($C$20:$C$23)=0,"-",SUMPRODUCT(--(($J$20:$J$23*1000+$I$20:$I$23*10+$G$20:$G$23)>(J20*1000+I20*10+G20)))+1) -> 1 | B20: Brazil | C20: =COUNTIFS('Group Stage'!$E$4:$E$75,"Brazil",'Group Stage'!$H$4:$H$75,"<>")+COUNTIFS('Group Stage'!$F$4:$F$75,"Brazil",'Group Stage'!$H$4:$H$75,"<>") -> 2 | D20: =SUMPRODUCT(('Group Stage'!$E$4:$E$75="Brazil")*('Group Stage'!$H$4:$H$75<>"")*('Group Stage'!$H$4:$H$75>'Group Stage'!$I$4:$I$75))+SUMPRODUCT(('Group Stage'!$F$4:$F$75="Brazil")*('Group Stage'!$H$4:$H$75<>"")*('Group Stage'!$I$4:$I$75>'Group Stage'!$H$4:$H$75)) -> 1 | E20: =SUMPRODUCT((('Group Stage'!$E$4:$E$75="Brazil")+('Group Stage'!$F$4:$F$75="Brazil"))*('Group Stage'!$H$4:$H$75<>"")*('Group Stage'!$H$4:$H$75='Group Stage'!$I$4:$I$75)) -> 1 | F20: =C20-D20-E20 -> 0 | G20: =SUMIFS('Group Stage'!$H$4:$H$75,'Group Stage'!$E$4:$E$75,"Brazil")+SUMIFS('Group Stage'!$I$4:$I$75,'Group Stage'!$F$4:$F$75,"Brazil") -> 4 | H20: =SUMIFS('Group Stage'!$I$4:$I$75,'Group Stage'!$E$4:$E$75,"Brazil")+SUMIFS('Group Stage'!$H$4:$H$75,'Group Stage'!$F$4:$F$75,"Brazil") -> 1 | I20: =G20-H20 -> 3 | J20: =3*D20+E20 -> 4
A21: =IF(SUM($C$20:$C$23)=0,"-",SUMPRODUCT(--(($J$20:$J$23*1000+$I$20:$I$23*10+$G$20:$G$23)>(J21*1000+I21*10+G21)))+1) -> 2 | B21: Morocco | C21: =COUNTIFS('Group Stage'!$E$4:$E$75,"Morocco",'Group Stage'!$H$4:$H$75,"<>")+COUNTIFS('Group Stage'!$F$4:$F$75,"Morocco",'Group Stage'!$H$4:$H$75,"<>") -> 2 | D21: =SUMPRODUCT(('Group Stage'!$E$4:$E$75="Morocco")*('Group Stage'!$H$4:$H$75<>"")*('Group Stage'!$H$4:$H$75>'Group Stage'!$I$4:$I$75))+SUMPRODUCT(('Group Stage'!$F$4:$F$75="Morocco")*('Group Stage'!$H$4:$H$75<>"")*('Group Stage'!$I$4:$I$75>'Group Stage'!$H$4:$H$75)) -> 1 | E21: =SUMPRODUCT((('Group Stage'!$E$4:$E$75="Morocco")+('Group Stage'!$F$4:$F$75="Morocco"))*('Group Stage'!$H$4:$H$75<>"")*('Group Stage'!$H$4:$H$75='Group Stage'!$I$4:$I$75)) -> 1 | F21: =C21-D21-E21 -> 0 | G21: =SUMIFS('Group Stage'!$H$4:$H$75,'Group Stage'!$E$4:$E$75,"Morocco")+SUMIFS('Group Stage'!$I$4:$I$75,'Group Stage'!$F$4:$F$75,"Morocco") -> 2 | H21: =SUMIFS('Group Stage'!$I$4:$I$75,'Group Stage'!$E$4:$E$75,"Morocco")+SUMIFS('Group Stage'!$H$4:$H$75,'Group Stage'!$F$4:$F$75,"Morocco") -> 1 | I21: =G21-H21 -> 1 | J21: =3*D21+E21 -> 4
A22: =IF(SUM($C$20:$C$23)=0,"-",SUMPRODUCT(--(($J$20:$J$23*1000+$I$20:$I$23*10+$G$20:$G$23)>(J22*1000+I22*10+G22)))+1) -> 3 | B22: Scotland | C22: =COUNTIFS('Group Stage'!$E$4:$E$75,"Scotland",'Group Stage'!$H$4:$H$75,"<>")+COUNTIFS('Group Stage'!$F$4:$F$75,"Scotland",'Group Stage'!$H$4:$H$75,"<>") -> 2 | D22: =SUMPRODUCT(('Group Stage'!$E$4:$E$75="Scotland")*('Group Stage'!$H$4:$H$75<>"")*('Group Stage'!$H$4:$H$75>'Group Stage'!$I$4:$I$75))+SUMPRODUCT(('Group Stage'!$F$4:$F$75="Scotland")*('Group Stage'!$H$4:$H$75<>"")*('Group Stage'!$I$4:$I$75>'Group Stage'!$H$4:$H$75)) -> 1 | E22: =SUMPRODUCT((('Group Stage'!$E$4:$E$75="Scotland")+('Group Stage'!$F$4:$F$75="Scotland"))*('Group Stage'!$H$4:$H$75<>"")*('Group Stage'!$H$4:$H$75='Group Stage'!$I$4:$I$75)) -> 0 | F22: =C22-D22-E22 -> 1 | G22: =SUMIFS('Group Stage'!$H$4:$H$75,'Group Stage'!$E$4:$E$75,"Scotland")+SUMIFS('Group Stage'!$I$4:$I$75,'Group Stage'!$F$4:$F$75,"Scotland") -> 1 | H22: =SUMIFS('Group Stage'!$I$4:$I$75,'Group Stage'!$E$4:$E$75,"Scotland")+SUMIFS('Group Stage'!$H$4:$H$75,'Group Stage'!$F$4:$F$75,"Scotland") -> 1 | I22: =G22-H22 -> 0 | J22: =3*D22+E22 -> 3
A23: =IF(SUM($C$20:$C$23)=0,"-",SUMPRODUCT(--(($J$20:$J$23*1000+$I$20:$I$23*10+$G$20:$G$23)>(J23*1000+I23*10+G23)))+1) -> 4 | B23: Haiti | C23: =COUNTIFS('Group Stage'!$E$4:$E$75,"Haiti",'Group Stage'!$H$4:$H$75,"<>")+COUNTIFS('Group Stage'!$F$4:$F$75,"Haiti",'Group Stage'!$H$4:$H$75,"<>") -> 2 | D23: =SUMPRODUCT(('Group Stage'!$E$4:$E$75="Haiti")*('Group Stage'!$H$4:$H$75<>"")*('Group Stage'!$H$4:$H$75>'Group Stage'!$I$4:$I$75))+SUMPRODUCT(('Group Stage'!$F$4:$F$75="Haiti")*('Group Stage'!$H$4:$H$75<>"")*('Group Stage'!$I$4:$I$75>'Group Stage'!$H$4:$H$75)) -> 0 | E23: =SUMPRODUCT((('Group Stage'!$E$4:$E$75="Haiti")+('Group Stage'!$F$4:$F$75="Haiti"))*('Group Stage'!$H$4:$H$75<>"")*('Group Stage'!$H$4:$H$75='Group Stage'!$I$4:$I$75)) -> 0 | F23: =C23-D23-E23 -> 2 | G23: =SUMIFS('Group Stage'!$H$4:$H$75,'Group Stage'!$E$4:$E$75,"Haiti")+SUMIFS('Group Stage'!$I$4:$I$75,'Group Stage'!$F$4:$F$75,"Haiti") -> 0 | H23: =SUMIFS('Group Stage'!$I$4:$I$75,'Group Stage'!$E$4:$E$75,"Haiti")+SUMIFS('Group Stage'!$H$4:$H$75,'Group Stage'!$F$4:$F$75,"Haiti") -> 4 | I23: =G23-H23 -> -4 | J23: =3*D23+E23 -> 0
A25: GROUP D
A26: Pos | B26: Team | C26: Pld | D26: W | E26: D | F26: L | G26: GF | H26: GA | I26: GD | J26: Pts
A27: =IF(SUM($C$27:$C$30)=0,"-",SUMPRODUCT(--(($J$27:$J$30*1000+$I$27:$I$30*10+$G$27:$G$30)>(J27*1000+I27*10+G27)))+1) -> 1 | B27: United States | C27: =COUNTIFS('Group Stage'!$E$4:$E$75,"United States",'Group Stage'!$H$4:$H$75,"<>")+COUNTIFS('Group Stage'!$F$4:$F$75,"United States",'Group Stage'!$H$4:$H$75,"<>") -> 2 | D27: =SUMPRODUCT(('Group Stage'!$E$4:$E$75="United States")*('Group Stage'!$H$4:$H$75<>"")*('Group Stage'!$H$4:$H$75>'Group Stage'!$I$4:$I$75))+SUMPRODUCT(('Group Stage'!$F$4:$F$75="United States")*('Group Stage'!$H$4:$H$75<>"")*('Group Stage'!$I$4:$I$75>'Group Stage'!$H$4:$H$75)) -> 2 | E27: =SUMPRODUCT((('Group Stage'!$E$4:$E$75="United States")+('Group Stage'!$F$4:$F$75="United States"))*('Group Stage'!$H$4:$H$75<>"")*('Group Stage'!$H$4:$H$75='Group Stage'!$I$4:$I$75)) -> 0 | F27: =C27-D27-E27 -> 0 | G27: =SUMIFS('Group Stage'!$H$4:$H$75,'Group Stage'!$E$4:$E$75,"United States")+SUMIFS('Group Stage'!$I$4:$I$75,'Group Stage'!$F$4:$F$75,"United States") -> 6 | H27: =SUMIFS('Group Stage'!$I$4:$I$75,'Group Stage'!$E$4:$E$75,"United States")+SUMIFS('Group Stage'!$H$4:$H$75,'Group Stage'!$F$4:$F$75,"United States") -> 1 | I27: =G27-H27 -> 5 | J27: =3*D27+E27 -> 6
A28: =IF(SUM($C$27:$C$30)=0,"-",SUMPRODUCT(--(($J$27:$J$30*1000+$I$27:$I$30*10+$G$27:$G$30)>(J28*1000+I28*10+G28)))+1) -> 3 | B28: Paraguay | C28: =COUNTIFS('Group Stage'!$E$4:$E$75,"Paraguay",'Group Stage'!$H$4:$H$75,"<>")+COUNTIFS('Group Stage'!$F$4:$F$75,"Paraguay",'Group Stage'!$H$4:$H$75,"<>") -> 2 | D28: =SUMPRODUCT(('Group Stage'!$E$4:$E$75="Paraguay")*('Group Stage'!$H$4:$H$75<>"")*('Group Stage'!$H$4:$H$75>'Group Stage'!$I$4:$I$75))+SUMPRODUCT(('Group Stage'!$F$4:$F$75="Paraguay")*('Group Stage'!$H$4:$H$75<>"")*('Group Stage'!$I$4:$I$75>'Group Stage'!$H$4:$H$75)) -> 1 | E28: =SUMPRODUCT((('Group Stage'!$E$4:$E$75="Paraguay")+('Group Stage'!$F$4:$F$75="Paraguay"))*('Group Stage'!$H$4:$H$75<>"")*('Group Stage'!$H$4:$H$75='Group Stage'!$I$4:$I$75)) -> 0 | F28: =C28-D28-E28 -> 1 | G28: =SUMIFS('Group Stage'!$H$4:$H$75,'Group Stage'!$E$4:$E$75,"Paraguay")+SUMIFS('Group Stage'!$I$4:$I$75,'Group Stage'!$F$4:$F$75,"Paraguay") -> 2 | H28: =SUMIFS('Group Stage'!$I$4:$I$75,'Group Stage'!$E$4:$E$75,"Paraguay")+SUMIFS('Group Stage'!$H$4:$H$75,'Group Stage'!$F$4:$F$75,"Paraguay") -> 4 | I28: =G28-H28 -> -2 | J28: =3*D28+E28 -> 3
A29: =IF(SUM($C$27:$C$30)=0,"-",SUMPRODUCT(--(($J$27:$J$30*1000+$I$27:$I$30*10+$G$27:$G$30)>(J29*1000+I29*10+G29)))+1) -> 2 | B29: Australia | C29: =COUNTIFS('Group Stage'!$E$4:$E$75,"Australia",'Group Stage'!$H$4:$H$75,"<>")+COUNTIFS('Group Stage'!$F$4:$F$75,"Australia",'Group Stage'!$H$4:$H$75,"<>") -> 2 | D29: =SUMPRODUCT(('Group Stage'!$E$4:$E$75="Australia")*('Group Stage'!$H$4:$H$75<>"")*('Group Stage'!$H$4:$H$75>'Group Stage'!$I$4:$I$75))+SUMPRODUCT(('Group Stage'!$F$4:$F$75="Australia")*('Group Stage'!$H$4:$H$75<>"")*('Group Stage'!$I$4:$I$75>'Group Stage'!$H$4:$H$75)) -> 1 | E29: =SUMPRODUCT((('Group Stage'!$E$4:$E$75="Australia")+('Group Stage'!$F$4:$F$75="Australia"))*('Group Stage'!$H$4:$H$75<>"")*('Group Stage'!$H$4:$H$75='Group Stage'!$I$4:$I$75)) -> 0 | F29: =C29-D29-E29 -> 1 | G29: =SUMIFS('Group Stage'!$H$4:$H$75,'Group Stage'!$E$4:$E$75,"Australia")+SUMIFS('Group Stage'!$I$4:$I$75,'Group Stage'!$F$4:$F$75,"Australia") -> 2 | H29: =SUMIFS('Group Stage'!$I$4:$I$75,'Group Stage'!$E$4:$E$75,"Australia")+SUMIFS('Group Stage'!$H$4:$H$75,'Group Stage'!$F$4:$F$75,"Australia") -> 2 | I29: =G29-H29 -> 0 | J29: =3*D29+E29 -> 3
A30: =IF(SUM($C$27:$C$30)=0,"-",SUMPRODUCT(--(($J$27:$J$30*1000+$I$27:$I$30*10+$G$27:$G$30)>(J30*1000+I30*10+G30)))+1) -> 4 | B30: Türkiye | C30: =COUNTIFS('Group Stage'!$E$4:$E$75,"Türkiye",'Group Stage'!$H$4:$H$75,"<>")+COUNTIFS('Group Stage'!$F$4:$F$75,"Türkiye",'Group Stage'!$H$4:$H$75,"<>") -> 2 | D30: =SUMPRODUCT(('Group Stage'!$E$4:$E$75="Türkiye")*('Group Stage'!$H$4:$H$75<>"")*('Group Stage'!$H$4:$H$75>'Group Stage'!$I$4:$I$75))+SUMPRODUCT(('Group Stage'!$F$4:$F$75="Türkiye")*('Group Stage'!$H$4:$H$75<>"")*('Group Stage'!$I$4:$I$75>'Group Stage'!$H$4:$H$75)) -> 0 | E30: =SUMPRODUCT((('Group Stage'!$E$4:$E$75="Türkiye")+('Group Stage'!$F$4:$F$75="Türkiye"))*('Group Stage'!$H$4:$H$75<>"")*('Group Stage'!$H$4:$H$75='Group Stage'!$I$4:$I$75)) -> 0 | F30: =C30-D30-E30 -> 2 | G30: =SUMIFS('Group Stage'!$H$4:$H$75,'Group Stage'!$E$4:$E$75,"Türkiye")+SUMIFS('Group Stage'!$I$4:$I$75,'Group Stage'!$F$4:$F$75,"Türkiye") -> 0 | H30: =SUMIFS('Group Stage'!$I$4:$I$75,'Group Stage'!$E$4:$E$75,"Türkiye")+SUMIFS('Group Stage'!$H$4:$H$75,'Group Stage'!$F$4:$F$75,"Türkiye") -> 3 | I30: =G30-H30 -> -3 | J30: =3*D30+E30 -> 0
A32: GROUP E
A33: Pos | B33: Team | C33: Pld | D33: W | E33: D | F33: L | G33: GF | H33: GA | I33: GD | J33: Pts
A34: =IF(SUM($C$34:$C$37)=0,"-",SUMPRODUCT(--(($J$34:$J$37*1000+$I$34:$I$37*10+$G$34:$G$37)>(J34*1000+I34*10+G34)))+1) -> 1 | B34: Germany | C34: =COUNTIFS('Group Stage'!$E$4:$E$75,"Germany",'Group Stage'!$H$4:$H$75,"<>")+COUNTIFS('Group Stage'!$F$4:$F$75,"Germany",'Group Stage'!$H$4:$H$75,"<>") -> 2 | D34: =SUMPRODUCT(('Group Stage'!$E$4:$E$75="Germany")*('Group Stage'!$H$4:$H$75<>"")*('Group Stage'!$H$4:$H$75>'Group Stage'!$I$4:$I$75))+SUMPRODUCT(('Group Stage'!$F$4:$F$75="Germany")*('Group Stage'!$H$4:$H$75<>"")*('Group Stage'!$I$4:$I$75>'Group Stage'!$H$4:$H$75)) -> 2 | E34: =SUMPRODUCT((('Group Stage'!$E$4:$E$75="Germany")+('Group Stage'!$F$4:$F$75="Germany"))*('Group Stage'!$H$4:$H$75<>"")*('Group Stage'!$H$4:$H$75='Group Stage'!$I$4:$I$75)) -> 0 | F34: =C34-D34-E34 -> 0 | G34: =SUMIFS('Group Stage'!$H$4:$H$75,'Group Stage'!$E$4:$E$75,"Germany")+SUMIFS('Group Stage'!$I$4:$I$75,'Group Stage'!$F$4:$F$75,"Germany") -> 9 | H34: =SUMIFS('Group Stage'!$I$4:$I$75,'Group Stage'!$E$4:$E$75,"Germany")+SUMIFS('Group Stage'!$H$4:$H$75,'Group Stage'!$F$4:$F$75,"Germany") -> 2 | I34: =G34-H34 -> 7 | J34: =3*D34+E34 -> 6
A35: =IF(SUM($C$34:$C$37)=0,"-",SUMPRODUCT(--(($J$34:$J$37*1000+$I$34:$I$37*10+$G$34:$G$37)>(J35*1000+I35*10+G35)))+1) -> 4 | B35: Curaçao | C35: =COUNTIFS('Group Stage'!$E$4:$E$75,"Curaçao",'Group Stage'!$H$4:$H$75,"<>")+COUNTIFS('Group Stage'!$F$4:$F$75,"Curaçao",'Group Stage'!$H$4:$H$75,"<>") -> 2 | D35: =SUMPRODUCT(('Group Stage'!$E$4:$E$75="Curaçao")*('Group Stage'!$H$4:$H$75<>"")*('Group Stage'!$H$4:$H$75>'Group Stage'!$I$4:$I$75))+SUMPRODUCT(('Group Stage'!$F$4:$F$75="Curaçao")*('Group Stage'!$H$4:$H$75<>"")*('Group Stage'!$I$4:$I$75>'Group Stage'!$H$4:$H$75)) -> 0 | E35: =SUMPRODUCT((('Group Stage'!$E$4:$E$75="Curaçao")+('Group Stage'!$F$4:$F$75="Curaçao"))*('Group Stage'!$H$4:$H$75<>"")*('Group Stage'!$H$4:$H$75='Group Stage'!$I$4:$I$75)) -> 1 | F35: =C35-D35-E35 -> 1 | G35: =SUMIFS('Group Stage'!$H$4:$H$75,'Group Stage'!$E$4:$E$75,"Curaçao")+SUMIFS('Group Stage'!$I$4:$I$75,'Group Stage'!$F$4:$F$75,"Curaçao") -> 1 | H35: =SUMIFS('Group Stage'!$I$4:$I$75,'Group Stage'!$E$4:$E$75,"Curaçao")+SUMIFS('Group Stage'!$H$4:$H$75,'Group Stage'!$F$4:$F$75,"Curaçao") -> 7 | I35: =G35-H35 -> -6 | J35: =3*D35+E35 -> 1
A36: =IF(SUM($C$34:$C$37)=0,"-",SUMPRODUCT(--(($J$34:$J$37*1000+$I$34:$I$37*10+$G$34:$G$37)>(J36*1000+I36*10+G36)))+1) -> 2 | B36: Ivory Coast | C36: =COUNTIFS('Group Stage'!$E$4:$E$75,"Ivory Coast",'Group Stage'!$H$4:$H$75,"<>")+COUNTIFS('Group Stage'!$F$4:$F$75,"Ivory Coast",'Group Stage'!$H$4:$H$75,"<>") -> 2 | D36: =SUMPRODUCT(('Group Stage'!$E$4:$E$75="Ivory Coast")*('Group Stage'!$H$4:$H$75<>"")*('Group Stage'!$H$4:$H$75>'Group Stage'!$I$4:$I$75))+SUMPRODUCT(('Group Stage'!$F$4:$F$75="Ivory Coast")*('Group Stage'!$H$4:$H$75<>"")*('Group Stage'!$I$4:$I$75>'Group Stage'!$H$4:$H$75)) -> 1 | E36: =SUMPRODUCT((('Group Stage'!$E$4:$E$75="Ivory Coast")+('Group Stage'!$F$4:$F$75="Ivory Coast"))*('Group Stage'!$H$4:$H$75<>"")*('Group Stage'!$H$4:$H$75='Group Stage'!$I$4:$I$75)) -> 0 | F36: =C36-D36-E36 -> 1 | G36: =SUMIFS('Group Stage'!$H$4:$H$75,'Group Stage'!$E$4:$E$75,"Ivory Coast")+SUMIFS('Group Stage'!$I$4:$I$75,'Group Stage'!$F$4:$F$75,"Ivory Coast") -> 2 | H36: =SUMIFS('Group Stage'!$I$4:$I$75,'Group Stage'!$E$4:$E$75,"Ivory Coast")+SUMIFS('Group Stage'!$H$4:$H$75,'Group Stage'!$F$4:$F$75,"Ivory Coast") -> 2 | I36: =G36-H36 -> 0 | J36: =3*D36+E36 -> 3
A37: =IF(SUM($C$34:$C$37)=0,"-",SUMPRODUCT(--(($J$34:$J$37*1000+$I$34:$I$37*10+$G$34:$G$37)>(J37*1000+I37*10+G37)))+1) -> 3 | B37: Ecuador | C37: =COUNTIFS('Group Stage'!$E$4:$E$75,"Ecuador",'Group Stage'!$H$4:$H$75,"<>")+COUNTIFS('Group Stage'!$F$4:$F$75,"Ecuador",'Group Stage'!$H$4:$H$75,"<>") -> 2 | D37: =SUMPRODUCT(('Group Stage'!$E$4:$E$75="Ecuador")*('Group Stage'!$H$4:$H$75<>"")*('Group Stage'!$H$4:$H$75>'Group Stage'!$I$4:$I$75))+SUMPRODUCT(('Group Stage'!$F$4:$F$75="Ecuador")*('Group Stage'!$H$4:$H$75<>"")*('Group Stage'!$I$4:$I$75>'Group Stage'!$H$4:$H$75)) -> 0 | E37: =SUMPRODUCT((('Group Stage'!$E$4:$E$75="Ecuador")+('Group Stage'!$F$4:$F$75="Ecuador"))*('Group Stage'!$H$4:$H$75<>"")*('Group Stage'!$H$4:$H$75='Group Stage'!$I$4:$I$75)) -> 1 | F37: =C37-D37-E37 -> 1 | G37: =SUMIFS('Group Stage'!$H$4:$H$75,'Group Stage'!$E$4:$E$75,"Ecuador")+SUMIFS('Group Stage'!$I$4:$I$75,'Group Stage'!$F$4:$F$75,"Ecuador") -> 0 | H37: =SUMIFS('Group Stage'!$I$4:$I$75,'Group Stage'!$E$4:$E$75,"Ecuador")+SUMIFS('Group Stage'!$H$4:$H$75,'Group Stage'!$F$4:$F$75,"Ecuador") -> 1 | I37: =G37-H37 -> -1 | J37: =3*D37+E37 -> 1
A39: GROUP F
A40: Pos | B40: Team | C40: Pld | D40: W | E40: D | F40: L | G40: GF | H40: GA | I40: GD | J40: Pts
A41: =IF(SUM($C$41:$C$44)=0,"-",SUMPRODUCT(--(($J$41:$J$44*1000+$I$41:$I$44*10+$G$41:$G$44)>(J41*1000+I41*10+G41)))+1) -> 1 | B41: Netherlands | C41: =COUNTIFS('Group Stage'!$E$4:$E$75,"Netherlands",'Group Stage'!$H$4:$H$75,"<>")+COUNTIFS('Group Stage'!$F$4:$F$75,"Netherlands",'Group Stage'!$H$4:$H$75,"<>") -> 2 | D41: =SUMPRODUCT(('Group Stage'!$E$4:$E$75="Netherlands")*('Group Stage'!$H$4:$H$75<>"")*('Group Stage'!$H$4:$H$75>'Group Stage'!$I$4:$I$75))+SUMPRODUCT(('Group Stage'!$F$4:$F$75="Netherlands")*('Group Stage'!$H$4:$H$75<>"")*('Group Stage'!$I$4:$I$75>'Group Stage'!$H$4:$H$75)) -> 1 | E41: =SUMPRODUCT((('Group Stage'!$E$4:$E$75="Netherlands")+('Group Stage'!$F$4:$F$75="Netherlands"))*('Group Stage'!$H$4:$H$75<>"")*('Group Stage'!$H$4:$H$75='Group Stage'!$I$4:$I$75)) -> 1 | F41: =C41-D41-E41 -> 0 | G41: =SUMIFS('Group Stage'!$H$4:$H$75,'Group Stage'!$E$4:$E$75,"Netherlands")+SUMIFS('Group Stage'!$I$4:$I$75,'Group Stage'!$F$4:$F$75,"Netherlands") -> 7 | H41: =SUMIFS('Group Stage'!$I$4:$I$75,'Group Stage'!$E$4:$E$75,"Netherlands")+SUMIFS('Group Stage'!$H$4:$H$75,'Group Stage'!$F$4:$F$75,"Netherlands") -> 3 | I41: =G41-H41 -> 4 | J41: =3*D41+E41 -> 4
A42: =IF(SUM($C$41:$C$44)=0,"-",SUMPRODUCT(--(($J$41:$J$44*1000+$I$41:$I$44*10+$G$41:$G$44)>(J42*1000+I42*10+G42)))+1) -> 2 | B42: Japan | C42: =COUNTIFS('Group Stage'!$E$4:$E$75,"Japan",'Group Stage'!$H$4:$H$75,"<>")+COUNTIFS('Group Stage'!$F$4:$F$75,"Japan",'Group Stage'!$H$4:$H$75,"<>") -> 2 | D42: =SUMPRODUCT(('Group Stage'!$E$4:$E$75="Japan")*('Group Stage'!$H$4:$H$75<>"")*('Group Stage'!$H$4:$H$75>'Group Stage'!$I$4:$I$75))+SUMPRODUCT(('Group Stage'!$F$4:$F$75="Japan")*('Group Stage'!$H$4:$H$75<>"")*('Group Stage'!$I$4:$I$75>'Group Stage'!$H$4:$H$75)) -> 1 | E42: =SUMPRODUCT((('Group Stage'!$E$4:$E$75="Japan")+('Group Stage'!$F$4:$F$75="Japan"))*('Group Stage'!$H$4:$H$75<>"")*('Group Stage'!$H$4:$H$75='Group Stage'!$I$4:$I$75)) -> 1 | F42: =C42-D42-E42 -> 0 | G42: =SUMIFS('Group Stage'!$H$4:$H$75,'Group Stage'!$E$4:$E$75,"Japan")+SUMIFS('Group Stage'!$I$4:$I$75,'Group Stage'!$F$4:$F$75,"Japan") -> 6 | H42: =SUMIFS('Group Stage'!$I$4:$I$75,'Group Stage'!$E$4:$E$75,"Japan")+SUMIFS('Group Stage'!$H$4:$H$75,'Group Stage'!$F$4:$F$75,"Japan") -> 2 | I42: =G42-H42 -> 4 | J42: =3*D42+E42 -> 4
A43: =IF(SUM($C$41:$C$44)=0,"-",SUMPRODUCT(--(($J$41:$J$44*1000+$I$41:$I$44*10+$G$41:$G$44)>(J43*1000+I43*10+G43)))+1) -> 4 | B43: Tunisia | C43: =COUNTIFS('Group Stage'!$E$4:$E$75,"Tunisia",'Group Stage'!$H$4:$H$75,"<>")+COUNTIFS('Group Stage'!$F$4:$F$75,"Tunisia",'Group Stage'!$H$4:$H$75,"<>") -> 2 | D43: =SUMPRODUCT(('Group Stage'!$E$4:$E$75="Tunisia")*('Group Stage'!$H$4:$H$75<>"")*('Group Stage'!$H$4:$H$75>'Group Stage'!$I$4:$I$75))+SUMPRODUCT(('Group Stage'!$F$4:$F$75="Tunisia")*('Group Stage'!$H$4:$H$75<>"")*('Group Stage'!$I$4:$I$75>'Group Stage'!$H$4:$H$75)) -> 0 | E43: =SUMPRODUCT((('Group Stage'!$E$4:$E$75="Tunisia")+('Group Stage'!$F$4:$F$75="Tunisia"))*('Group Stage'!$H$4:$H$75<>"")*('Group Stage'!$H$4:$H$75='Group Stage'!$I$4:$I$75)) -> 0 | F43: =C43-D43-E43 -> 2 | G43: =SUMIFS('Group Stage'!$H$4:$H$75,'Group Stage'!$E$4:$E$75,"Tunisia")+SUMIFS('Group Stage'!$I$4:$I$75,'Group Stage'!$F$4:$F$75,"Tunisia") -> 1 | H43: =SUMIFS('Group Stage'!$I$4:$I$75,'Group Stage'!$E$4:$E$75,"Tunisia")+SUMIFS('Group Stage'!$H$4:$H$75,'Group Stage'!$F$4:$F$75,"Tunisia") -> 9 | I43: =G43-H43 -> -8 | J43: =3*D43+E43 -> 0
A44: =IF(SUM($C$41:$C$44)=0,"-",SUMPRODUCT(--(($J$41:$J$44*1000+$I$41:$I$44*10+$G$41:$G$44)>(J44*1000+I44*10+G44)))+1) -> 3 | B44: Sweden | C44: =COUNTIFS('Group Stage'!$E$4:$E$75,"Sweden",'Group Stage'!$H$4:$H$75,"<>")+COUNTIFS('Group Stage'!$F$4:$F$75,"Sweden",'Group Stage'!$H$4:$H$75,"<>") -> 2 | D44: =SUMPRODUCT(('Group Stage'!$E$4:$E$75="Sweden")*('Group Stage'!$H$4:$H$75<>"")*('Group Stage'!$H$4:$H$75>'Group Stage'!$I$4:$I$75))+SUMPRODUCT(('Group Stage'!$F$4:$F$75="Sweden")*('Group Stage'!$H$4:$H$75<>"")*('Group Stage'!$I$4:$I$75>'Group Stage'!$H$4:$H$75)) -> 1 | E44: =SUMPRODUCT((('Group Stage'!$E$4:$E$75="Sweden")+('Group Stage'!$F$4:$F$75="Sweden"))*('Group Stage'!$H$4:$H$75<>"")*('Group Stage'!$H$4:$H$75='Group Stage'!$I$4:$I$75)) -> 0 | F44: =C44-D44-E44 -> 1 | G44: =SUMIFS('Group Stage'!$H$4:$H$75,'Group Stage'!$E$4:$E$75,"Sweden")+SUMIFS('Group Stage'!$I$4:$I$75,'Group Stage'!$F$4:$F$75,"Sweden") -> 6 | H44: =SUMIFS('Group Stage'!$I$4:$I$75,'Group Stage'!$E$4:$E$75,"Sweden")+SUMIFS('Group Stage'!$H$4:$H$75,'Group Stage'!$F$4:$F$75,"Sweden") -> 6 | I44: =G44-H44 -> 0 | J44: =3*D44+E44 -> 3
A46: GROUP G
A47: Pos | B47: Team | C47: Pld | D47: W | E47: D | F47: L | G47: GF | H47: GA | I47: GD | J47: Pts
A48: =IF(SUM($C$48:$C$51)=0,"-",SUMPRODUCT(--(($J$48:$J$51*1000+$I$48:$I$51*10+$G$48:$G$51)>(J48*1000+I48*10+G48)))+1) -> 3 | B48: Belgium | C48: =COUNTIFS('Group Stage'!$E$4:$E$75,"Belgium",'Group Stage'!$H$4:$H$75,"<>")+COUNTIFS('Group Stage'!$F$4:$F$75,"Belgium",'Group Stage'!$H$4:$H$75,"<>") -> 1 | D48: =SUMPRODUCT(('Group Stage'!$E$4:$E$75="Belgium")*('Group Stage'!$H$4:$H$75<>"")*('Group Stage'!$H$4:$H$75>'Group Stage'!$I$4:$I$75))+SUMPRODUCT(('Group Stage'!$F$4:$F$75="Belgium")*('Group Stage'!$H$4:$H$75<>"")*('Group Stage'!$I$4:$I$75>'Group Stage'!$H$4:$H$75)) -> 0 | E48: =SUMPRODUCT((('Group Stage'!$E$4:$E$75="Belgium")+('Group Stage'!$F$4:$F$75="Belgium"))*('Group Stage'!$H$4:$H$75<>"")*('Group Stage'!$H$4:$H$75='Group Stage'!$I$4:$I$75)) -> 1 | F48: =C48-D48-E48 -> 0 | G48: =SUMIFS('Group Stage'!$H$4:$H$75,'Group Stage'!$E$4:$E$75,"Belgium")+SUMIFS('Group Stage'!$I$4:$I$75,'Group Stage'!$F$4:$F$75,"Belgium") -> 1 | H48: =SUMIFS('Group Stage'!$I$4:$I$75,'Group Stage'!$E$4:$E$75,"Belgium")+SUMIFS('Group Stage'!$H$4:$H$75,'Group Stage'!$F$4:$F$75,"Belgium") -> 1 | I48: =G48-H48 -> 0 | J48: =3*D48+E48 -> 1
A49: =IF(SUM($C$48:$C$51)=0,"-",SUMPRODUCT(--(($J$48:$J$51*1000+$I$48:$I$51*10+$G$48:$G$51)>(J49*1000+I49*10+G49)))+1) -> 3 | B49: Egypt | C49: =COUNTIFS('Group Stage'!$E$4:$E$75,"Egypt",'Group Stage'!$H$4:$H$75,"<>")+COUNTIFS('Group Stage'!$F$4:$F$75,"Egypt",'Group Stage'!$H$4:$H$75,"<>") -> 1 | D49: =SUMPRODUCT(('Group Stage'!$E$4:$E$75="Egypt")*('Group Stage'!$H$4:$H$75<>"")*('Group Stage'!$H$4:$H$75>'Group Stage'!$I$4:$I$75))+SUMPRODUCT(('Group Stage'!$F$4:$F$75="Egypt")*('Group Stage'!$H$4:$H$75<>"")*('Group Stage'!$I$4:$I$75>'Group Stage'!$H$4:$H$75)) -> 0 | E49: =SUMPRODUCT((('Group Stage'!$E$4:$E$75="Egypt")+('Group Stage'!$F$4:$F$75="Egypt"))*('Group Stage'!$H$4:$H$75<>"")*('Group Stage'!$H$4:$H$75='Group Stage'!$I$4:$I$75)) -> 1 | F49: =C49-D49-E49 -> 0 | G49: =SUMIFS('Group Stage'!$H$4:$H$75,'Group Stage'!$E$4:$E$75,"Egypt")+SUMIFS('Group Stage'!$I$4:$I$75,'Group Stage'!$F$4:$F$75,"Egypt") -> 1 | H49: =SUMIFS('Group Stage'!$I$4:$I$75,'Group Stage'!$E$4:$E$75,"Egypt")+SUMIFS('Group Stage'!$H$4:$H$75,'Group Stage'!$F$4:$F$75,"Egypt") -> 1 | I49: =G49-H49 -> 0 | J49: =3*D49+E49 -> 1
A50: =IF(SUM($C$48:$C$51)=0,"-",SUMPRODUCT(--(($J$48:$J$51*1000+$I$48:$I$51*10+$G$48:$G$51)>(J50*1000+I50*10+G50)))+1) -> 1 | B50: Iran | C50: =COUNTIFS('Group Stage'!$E$4:$E$75,"Iran",'Group Stage'!$H$4:$H$75,"<>")+COUNTIFS('Group Stage'!$F$4:$F$75,"Iran",'Group Stage'!$H$4:$H$75,"<>") -> 1 | D50: =SUMPRODUCT(('Group Stage'!$E$4:$E$75="Iran")*('Group Stage'!$H$4:$H$75<>"")*('Group Stage'!$H$4:$H$75>'Group Stage'!$I$4:$I$75))+SUMPRODUCT(('Group Stage'!$F$4:$F$75="Iran")*('Group Stage'!$H$4:$H$75<>"")*('Group Stage'!$I$4:$I$75>'Group Stage'!$H$4:$H$75)) -> 0 | E50: =SUMPRODUCT((('Group Stage'!$E$4:$E$75="Iran")+('Group Stage'!$F$4:$F$75="Iran"))*('Group Stage'!$H$4:$H$75<>"")*('Group Stage'!$H$4:$H$75='Group Stage'!$I$4:$I$75)) -> 1 | F50: =C50-D50-E50 -> 0 | G50: =SUMIFS('Group Stage'!$H$4:$H$75,'Group Stage'!$E$4:$E$75,"Iran")+SUMIFS('Group Stage'!$I$4:$I$75,'Group Stage'!$F$4:$F$75,"Iran") -> 2 | H50: =SUMIFS('Group Stage'!$I$4:$I$75,'Group Stage'!$E$4:$E$75,"Iran")+SUMIFS('Group Stage'!$H$4:$H$75,'Group Stage'!$F$4:$F$75,"Iran") -> 2 | I50: =G50-H50 -> 0 | J50: =3*D50+E50 -> 1
A51: =IF(SUM($C$48:$C$51)=0,"-",SUMPRODUCT(--(($J$48:$J$51*1000+$I$48:$I$51*10+$G$48:$G$51)>(J51*1000+I51*10+G51)))+1) -> 1 | B51: New Zealand | C51: =COUNTIFS('Group Stage'!$E$4:$E$75,"New Zealand",'Group Stage'!$H$4:$H$75,"<>")+COUNTIFS('Group Stage'!$F$4:$F$75,"New Zealand",'Group Stage'!$H$4:$H$75,"<>") -> 1 | D51: =SUMPRODUCT(('Group Stage'!$E$4:$E$75="New Zealand")*('Group Stage'!$H$4:$H$75<>"")*('Group Stage'!$H$4:$H$75>'Group Stage'!$I$4:$I$75))+SUMPRODUCT(('Group Stage'!$F$4:$F$75="New Zealand")*('Group Stage'!$H$4:$H$75<>"")*('Group Stage'!$I$4:$I$75>'Group Stage'!$H$4:$H$75)) -> 0 | E51: =SUMPRODUCT((('Group Stage'!$E$4:$E$75="New Zealand")+('Group Stage'!$F$4:$F$75="New Zealand"))*('Group Stage'!$H$4:$H$75<>"")*('Group Stage'!$H$4:$H$75='Group Stage'!$I$4:$I$75)) -> 1 | F51: =C51-D51-E51 -> 0 | G51: =SUMIFS('Group Stage'!$H$4:$H$75,'Group Stage'!$E$4:$E$75,"New Zealand")+SUMIFS('Group Stage'!$I$4:$I$75,'Group Stage'!$F$4:$F$75,"New Zealand") -> 2 | H51: =SUMIFS('Group Stage'!$I$4:$I$75,'Group Stage'!$E$4:$E$75,"New Zealand")+SUMIFS('Group Stage'!$H$4:$H$75,'Group Stage'!$F$4:$F$75,"New Zealand") -> 2 | I51: =G51-H51 -> 0 | J51: =3*D51+E51 -> 1
A53: GROUP H
A54: Pos | B54: Team | C54: Pld | D54: W | E54: D | F54: L | G54: GF | H54: GA | I54: GD | J54: Pts
A55: =IF(SUM($C$55:$C$58)=0,"-",SUMPRODUCT(--(($J$55:$J$58*1000+$I$55:$I$58*10+$G$55:$G$58)>(J55*1000+I55*10+G55)))+1) -> 1 | B55: Spain | C55: =COUNTIFS('Group Stage'!$E$4:$E$75,"Spain",'Group Stage'!$H$4:$H$75,"<>")+COUNTIFS('Group Stage'!$F$4:$F$75,"Spain",'Group Stage'!$H$4:$H$75,"<>") -> 2 | D55: =SUMPRODUCT(('Group Stage'!$E$4:$E$75="Spain")*('Group Stage'!$H$4:$H$75<>"")*('Group Stage'!$H$4:$H$75>'Group Stage'!$I$4:$I$75))+SUMPRODUCT(('Group Stage'!$F$4:$F$75="Spain")*('Group Stage'!$H$4:$H$75<>"")*('Group Stage'!$I$4:$I$75>'Group Stage'!$H$4:$H$75)) -> 1 | E55: =SUMPRODUCT((('Group Stage'!$E$4:$E$75="Spain")+('Group Stage'!$F$4:$F$75="Spain"))*('Group Stage'!$H$4:$H$75<>"")*('Group Stage'!$H$4:$H$75='Group Stage'!$I$4:$I$75)) -> 1 | F55: =C55-D55-E55 -> 0 | G55: =SUMIFS('Group Stage'!$H$4:$H$75,'Group Stage'!$E$4:$E$75,"Spain")+SUMIFS('Group Stage'!$I$4:$I$75,'Group Stage'!$F$4:$F$75,"Spain") -> 5 | H55: =SUMIFS('Group Stage'!$I$4:$I$75,'Group Stage'!$E$4:$E$75,"Spain")+SUMIFS('Group Stage'!$H$4:$H$75,'Group Stage'!$F$4:$F$75,"Spain") -> 0 | I55: =G55-H55 -> 5 | J55: =3*D55+E55 -> 4
A56: =IF(SUM($C$55:$C$58)=0,"-",SUMPRODUCT(--(($J$55:$J$58*1000+$I$55:$I$58*10+$G$55:$G$58)>(J56*1000+I56*10+G56)))+1) -> 3 | B56: Cape Verde | C56: =COUNTIFS('Group Stage'!$E$4:$E$75,"Cape Verde",'Group Stage'!$H$4:$H$75,"<>")+COUNTIFS('Group Stage'!$F$4:$F$75,"Cape Verde",'Group Stage'!$H$4:$H$75,"<>") -> 1 | D56: =SUMPRODUCT(('Group Stage'!$E$4:$E$75="Cape Verde")*('Group Stage'!$H$4:$H$75<>"")*('Group Stage'!$H$4:$H$75>'Group Stage'!$I$4:$I$75))+SUMPRODUCT(('Group Stage'!$F$4:$F$75="Cape Verde")*('Group Stage'!$H$4:$H$75<>"")*('Group Stage'!$I$4:$I$75>'Group Stage'!$H$4:$H$75)) -> 0 | E56: =SUMPRODUCT((('Group Stage'!$E$4:$E$75="Cape Verde")+('Group Stage'!$F$4:$F$75="Cape Verde"))*('Group Stage'!$H$4:$H$75<>"")*('Group Stage'!$H$4:$H$75='Group Stage'!$I$4:$I$75)) -> 1 | F56: =C56-D56-E56 -> 0 | G56: =SUMIFS('Group Stage'!$H$4:$H$75,'Group Stage'!$E$4:$E$75,"Cape Verde")+SUMIFS('Group Stage'!$I$4:$I$75,'Group Stage'!$F$4:$F$75,"Cape Verde") -> 0 | H56: =SUMIFS('Group Stage'!$I$4:$I$75,'Group Stage'!$E$4:$E$75,"Cape Verde")+SUMIFS('Group Stage'!$H$4:$H$75,'Group Stage'!$F$4:$F$75,"Cape Verde") -> 0 | I56: =G56-H56 -> 0 | J56: =3*D56+E56 -> 1
A57: =IF(SUM($C$55:$C$58)=0,"-",SUMPRODUCT(--(($J$55:$J$58*1000+$I$55:$I$58*10+$G$55:$G$58)>(J57*1000+I57*10+G57)))+1) -> 4 | B57: Saudi Arabia | C57: =COUNTIFS('Group Stage'!$E$4:$E$75,"Saudi Arabia",'Group Stage'!$H$4:$H$75,"<>")+COUNTIFS('Group Stage'!$F$4:$F$75,"Saudi Arabia",'Group Stage'!$H$4:$H$75,"<>") -> 2 | D57: =SUMPRODUCT(('Group Stage'!$E$4:$E$75="Saudi Arabia")*('Group Stage'!$H$4:$H$75<>"")*('Group Stage'!$H$4:$H$75>'Group Stage'!$I$4:$I$75))+SUMPRODUCT(('Group Stage'!$F$4:$F$75="Saudi Arabia")*('Group Stage'!$H$4:$H$75<>"")*('Group Stage'!$I$4:$I$75>'Group Stage'!$H$4:$H$75)) -> 0 | E57: =SUMPRODUCT((('Group Stage'!$E$4:$E$75="Saudi Arabia")+('Group Stage'!$F$4:$F$75="Saudi Arabia"))*('Group Stage'!$H$4:$H$75<>"")*('Group Stage'!$H$4:$H$75='Group Stage'!$I$4:$I$75)) -> 1 | F57: =C57-D57-E57 -> 1 | G57: =SUMIFS('Group Stage'!$H$4:$H$75,'Group Stage'!$E$4:$E$75,"Saudi Arabia")+SUMIFS('Group Stage'!$I$4:$I$75,'Group Stage'!$F$4:$F$75,"Saudi Arabia") -> 1 | H57: =SUMIFS('Group Stage'!$I$4:$I$75,'Group Stage'!$E$4:$E$75,"Saudi Arabia")+SUMIFS('Group Stage'!$H$4:$H$75,'Group Stage'!$F$4:$F$75,"Saudi Arabia") -> 6 | I57: =G57-H57 -> -5 | J57: =3*D57+E57 -> 1
A58: =IF(SUM($C$55:$C$58)=0,"-",SUMPRODUCT(--(($J$55:$J$58*1000+$I$55:$I$58*10+$G$55:$G$58)>(J58*1000+I58*10+G58)))+1) -> 2 | B58: Uruguay | C58: =COUNTIFS('Group Stage'!$E$4:$E$75,"Uruguay",'Group Stage'!$H$4:$H$75,"<>")+COUNTIFS('Group Stage'!$F$4:$F$75,"Uruguay",'Group Stage'!$H$4:$H$75,"<>") -> 1 | D58: =SUMPRODUCT(('Group Stage'!$E$4:$E$75="Uruguay")*('Group Stage'!$H$4:$H$75<>"")*('Group Stage'!$H$4:$H$75>'Group Stage'!$I$4:$I$75))+SUMPRODUCT(('Group Stage'!$F$4:$F$75="Uruguay")*('Group Stage'!$H$4:$H$75<>"")*('Group Stage'!$I$4:$I$75>'Group Stage'!$H$4:$H$75)) -> 0 | E58: =SUMPRODUCT((('Group Stage'!$E$4:$E$75="Uruguay")+('Group Stage'!$F$4:$F$75="Uruguay"))*('Group Stage'!$H$4:$H$75<>"")*('Group Stage'!$H$4:$H$75='Group Stage'!$I$4:$I$75)) -> 1 | F58: =C58-D58-E58 -> 0 | G58: =SUMIFS('Group Stage'!$H$4:$H$75,'Group Stage'!$E$4:$E$75,"Uruguay")+SUMIFS('Group Stage'!$I$4:$I$75,'Group Stage'!$F$4:$F$75,"Uruguay") -> 1 | H58: =SUMIFS('Group Stage'!$I$4:$I$75,'Group Stage'!$E$4:$E$75,"Uruguay")+SUMIFS('Group Stage'!$H$4:$H$75,'Group Stage'!$F$4:$F$75,"Uruguay") -> 1 | I58: =G58-H58 -> 0 | J58: =3*D58+E58 -> 1
A60: GROUP I
A61: Pos | B61: Team | C61: Pld | D61: W | E61: D | F61: L | G61: GF | H61: GA | I61: GD | J61: Pts
A62: =IF(SUM($C$62:$C$65)=0,"-",SUMPRODUCT(--(($J$62:$J$65*1000+$I$62:$I$65*10+$G$62:$G$65)>(J62*1000+I62*10+G62)))+1) -> 2 | B62: France | C62: =COUNTIFS('Group Stage'!$E$4:$E$75,"France",'Group Stage'!$H$4:$H$75,"<>")+COUNTIFS('Group Stage'!$F$4:$F$75,"France",'Group Stage'!$H$4:$H$75,"<>") -> 1 | D62: =SUMPRODUCT(('Group Stage'!$E$4:$E$75="France")*('Group Stage'!$H$4:$H$75<>"")*('Group Stage'!$H$4:$H$75>'Group Stage'!$I$4:$I$75))+SUMPRODUCT(('Group Stage'!$F$4:$F$75="France")*('Group Stage'!$H$4:$H$75<>"")*('Group Stage'!$I$4:$I$75>'Group Stage'!$H$4:$H$75)) -> 1 | E62: =SUMPRODUCT((('Group Stage'!$E$4:$E$75="France")+('Group Stage'!$F$4:$F$75="France"))*('Group Stage'!$H$4:$H$75<>"")*('Group Stage'!$H$4:$H$75='Group Stage'!$I$4:$I$75)) -> 0 | F62: =C62-D62-E62 -> 0 | G62: =SUMIFS('Group Stage'!$H$4:$H$75,'Group Stage'!$E$4:$E$75,"France")+SUMIFS('Group Stage'!$I$4:$I$75,'Group Stage'!$F$4:$F$75,"France") -> 3 | H62: =SUMIFS('Group Stage'!$I$4:$I$75,'Group Stage'!$E$4:$E$75,"France")+SUMIFS('Group Stage'!$H$4:$H$75,'Group Stage'!$F$4:$F$75,"France") -> 1 | I62: =G62-H62 -> 2 | J62: =3*D62+E62 -> 3
A63: =IF(SUM($C$62:$C$65)=0,"-",SUMPRODUCT(--(($J$62:$J$65*1000+$I$62:$I$65*10+$G$62:$G$65)>(J63*1000+I63*10+G63)))+1) -> 3 | B63: Senegal | C63: =COUNTIFS('Group Stage'!$E$4:$E$75,"Senegal",'Group Stage'!$H$4:$H$75,"<>")+COUNTIFS('Group Stage'!$F$4:$F$75,"Senegal",'Group Stage'!$H$4:$H$75,"<>") -> 1 | D63: =SUMPRODUCT(('Group Stage'!$E$4:$E$75="Senegal")*('Group Stage'!$H$4:$H$75<>"")*('Group Stage'!$H$4:$H$75>'Group Stage'!$I$4:$I$75))+SUMPRODUCT(('Group Stage'!$F$4:$F$75="Senegal")*('Group Stage'!$H$4:$H$75<>"")*('Group Stage'!$I$4:$I$75>'Group Stage'!$H$4:$H$75)) -> 0 | E63: =SUMPRODUCT((('Group Stage'!$E$4:$E$75="Senegal")+('Group Stage'!$F$4:$F$75="Senegal"))*('Group Stage'!$H$4:$H$75<>"")*('Group Stage'!$H$4:$H$75='Group Stage'!$I$4:$I$75)) -> 0 | F63: =C63-D63-E63 -> 1 | G63: =SUMIFS('Group Stage'!$H$4:$H$75,'Group Stage'!$E$4:$E$75,"Senegal")+SUMIFS('Group Stage'!$I$4:$I$75,'Group Stage'!$F$4:$F$75,"Senegal") -> 1 | H63: =SUMIFS('Group Stage'!$I$4:$I$75,'Group Stage'!$E$4:$E$75,"Senegal")+SUMIFS('Group Stage'!$H$4:$H$75,'Group Stage'!$F$4:$F$75,"Senegal") -> 3 | I63: =G63-H63 -> -2 | J63: =3*D63+E63 -> 0
A64: =IF(SUM($C$62:$C$65)=0,"-",SUMPRODUCT(--(($J$62:$J$65*1000+$I$62:$I$65*10+$G$62:$G$65)>(J64*1000+I64*10+G64)))+1) -> 1 | B64: Norway | C64: =COUNTIFS('Group Stage'!$E$4:$E$75,"Norway",'Group Stage'!$H$4:$H$75,"<>")+COUNTIFS('Group Stage'!$F$4:$F$75,"Norway",'Group Stage'!$H$4:$H$75,"<>") -> 1 | D64: =SUMPRODUCT(('Group Stage'!$E$4:$E$75="Norway")*('Group Stage'!$H$4:$H$75<>"")*('Group Stage'!$H$4:$H$75>'Group Stage'!$I$4:$I$75))+SUMPRODUCT(('Group Stage'!$F$4:$F$75="Norway")*('Group Stage'!$H$4:$H$75<>"")*('Group Stage'!$I$4:$I$75>'Group Stage'!$H$4:$H$75)) -> 1 | E64: =SUMPRODUCT((('Group Stage'!$E$4:$E$75="Norway")+('Group Stage'!$F$4:$F$75="Norway"))*('Group Stage'!$H$4:$H$75<>"")*('Group Stage'!$H$4:$H$75='Group Stage'!$I$4:$I$75)) -> 0 | F64: =C64-D64-E64 -> 0 | G64: =SUMIFS('Group Stage'!$H$4:$H$75,'Group Stage'!$E$4:$E$75,"Norway")+SUMIFS('Group Stage'!$I$4:$I$75,'Group Stage'!$F$4:$F$75,"Norway") -> 4 | H64: =SUMIFS('Group Stage'!$I$4:$I$75,'Group Stage'!$E$4:$E$75,"Norway")+SUMIFS('Group Stage'!$H$4:$H$75,'Group Stage'!$F$4:$F$75,"Norway") -> 1 | I64: =G64-H64 -> 3 | J64: =3*D64+E64 -> 3
A65: =IF(SUM($C$62:$C$65)=0,"-",SUMPRODUCT(--(($J$62:$J$65*1000+$I$62:$I$65*10+$G$62:$G$65)>(J65*1000+I65*10+G65)))+1) -> 4 | B65: Iraq | C65: =COUNTIFS('Group Stage'!$E$4:$E$75,"Iraq",'Group Stage'!$H$4:$H$75,"<>")+COUNTIFS('Group Stage'!$F$4:$F$75,"Iraq",'Group Stage'!$H$4:$H$75,"<>") -> 1 | D65: =SUMPRODUCT(('Group Stage'!$E$4:$E$75="Iraq")*('Group Stage'!$H$4:$H$75<>"")*('Group Stage'!$H$4:$H$75>'Group Stage'!$I$4:$I$75))+SUMPRODUCT(('Group Stage'!$F$4:$F$75="Iraq")*('Group Stage'!$H$4:$H$75<>"")*('Group Stage'!$I$4:$I$75>'Group Stage'!$H$4:$H$75)) -> 0 | E65: =SUMPRODUCT((('Group Stage'!$E$4:$E$75="Iraq")+('Group Stage'!$F$4:$F$75="Iraq"))*('Group Stage'!$H$4:$H$75<>"")*('Group Stage'!$H$4:$H$75='Group Stage'!$I$4:$I$75)) -> 0 | F65: =C65-D65-E65 -> 1 | G65: =SUMIFS('Group Stage'!$H$4:$H$75,'Group Stage'!$E$4:$E$75,"Iraq")+SUMIFS('Group Stage'!$I$4:$I$75,'Group Stage'!$F$4:$F$75,"Iraq") -> 1 | H65: =SUMIFS('Group Stage'!$I$4:$I$75,'Group Stage'!$E$4:$E$75,"Iraq")+SUMIFS('Group Stage'!$H$4:$H$75,'Group Stage'!$F$4:$F$75,"Iraq") -> 4 | I65: =G65-H65 -> -3 | J65: =3*D65+E65 -> 0
A67: GROUP J
A68: Pos | B68: Team | C68: Pld | D68: W | E68: D | F68: L | G68: GF | H68: GA | I68: GD | J68: Pts
A69: =IF(SUM($C$69:$C$72)=0,"-",SUMPRODUCT(--(($J$69:$J$72*1000+$I$69:$I$72*10+$G$69:$G$72)>(J69*1000+I69*10+G69)))+1) -> 1 | B69: Argentina | C69: =COUNTIFS('Group Stage'!$E$4:$E$75,"Argentina",'Group Stage'!$H$4:$H$75,"<>")+COUNTIFS('Group Stage'!$F$4:$F$75,"Argentina",'Group Stage'!$H$4:$H$75,"<>") -> 1 | D69: =SUMPRODUCT(('Group Stage'!$E$4:$E$75="Argentina")*('Group Stage'!$H$4:$H$75<>"")*('Group Stage'!$H$4:$H$75>'Group Stage'!$I$4:$I$75))+SUMPRODUCT(('Group Stage'!$F$4:$F$75="Argentina")*('Group Stage'!$H$4:$H$75<>"")*('Group Stage'!$I$4:$I$75>'Group Stage'!$H$4:$H$75)) -> 1 | E69: =SUMPRODUCT((('Group Stage'!$E$4:$E$75="Argentina")+('Group Stage'!$F$4:$F$75="Argentina"))*('Group Stage'!$H$4:$H$75<>"")*('Group Stage'!$H$4:$H$75='Group Stage'!$I$4:$I$75)) -> 0 | F69: =C69-D69-E69 -> 0 | G69: =SUMIFS('Group Stage'!$H$4:$H$75,'Group Stage'!$E$4:$E$75,"Argentina")+SUMIFS('Group Stage'!$I$4:$I$75,'Group Stage'!$F$4:$F$75,"Argentina") -> 3 | H69: =SUMIFS('Group Stage'!$I$4:$I$75,'Group Stage'!$E$4:$E$75,"Argentina")+SUMIFS('Group Stage'!$H$4:$H$75,'Group Stage'!$F$4:$F$75,"Argentina") -> 0 | I69: =G69-H69 -> 3 | J69: =3*D69+E69 -> 3
A70: =IF(SUM($C$69:$C$72)=0,"-",SUMPRODUCT(--(($J$69:$J$72*1000+$I$69:$I$72*10+$G$69:$G$72)>(J70*1000+I70*10+G70)))+1) -> 4 | B70: Algeria | C70: =COUNTIFS('Group Stage'!$E$4:$E$75,"Algeria",'Group Stage'!$H$4:$H$75,"<>")+COUNTIFS('Group Stage'!$F$4:$F$75,"Algeria",'Group Stage'!$H$4:$H$75,"<>") -> 1 | D70: =SUMPRODUCT(('Group Stage'!$E$4:$E$75="Algeria")*('Group Stage'!$H$4:$H$75<>"")*('Group Stage'!$H$4:$H$75>'Group Stage'!$I$4:$I$75))+SUMPRODUCT(('Group Stage'!$F$4:$F$75="Algeria")*('Group Stage'!$H$4:$H$75<>"")*('Group Stage'!$I$4:$I$75>'Group Stage'!$H$4:$H$75)) -> 0 | E70: =SUMPRODUCT((('Group Stage'!$E$4:$E$75="Algeria")+('Group Stage'!$F$4:$F$75="Algeria"))*('Group Stage'!$H$4:$H$75<>"")*('Group Stage'!$H$4:$H$75='Group Stage'!$I$4:$I$75)) -> 0 | F70: =C70-D70-E70 -> 1 | G70: =SUMIFS('Group Stage'!$H$4:$H$75,'Group Stage'!$E$4:$E$75,"Algeria")+SUMIFS('Group Stage'!$I$4:$I$75,'Group Stage'!$F$4:$F$75,"Algeria") -> 0 | H70: =SUMIFS('Group Stage'!$I$4:$I$75,'Group Stage'!$E$4:$E$75,"Algeria")+SUMIFS('Group Stage'!$H$4:$H$75,'Group Stage'!$F$4:$F$75,"Algeria") -> 3 | I70: =G70-H70 -> -3 | J70: =3*D70+E70 -> 0
A71: =IF(SUM($C$69:$C$72)=0,"-",SUMPRODUCT(--(($J$69:$J$72*1000+$I$69:$I$72*10+$G$69:$G$72)>(J71*1000+I71*10+G71)))+1) -> 2 | B71: Austria | C71: =COUNTIFS('Group Stage'!$E$4:$E$75,"Austria",'Group Stage'!$H$4:$H$75,"<>")+COUNTIFS('Group Stage'!$F$4:$F$75,"Austria",'Group Stage'!$H$4:$H$75,"<>") -> 1 | D71: =SUMPRODUCT(('Group Stage'!$E$4:$E$75="Austria")*('Group Stage'!$H$4:$H$75<>"")*('Group Stage'!$H$4:$H$75>'Group Stage'!$I$4:$I$75))+SUMPRODUCT(('Group Stage'!$F$4:$F$75="Austria")*('Group Stage'!$H$4:$H$75<>"")*('Group Stage'!$I$4:$I$75>'Group Stage'!$H$4:$H$75)) -> 1 | E71: =SUMPRODUCT((('Group Stage'!$E$4:$E$75="Austria")+('Group Stage'!$F$4:$F$75="Austria"))*('Group Stage'!$H$4:$H$75<>"")*('Group Stage'!$H$4:$H$75='Group Stage'!$I$4:$I$75)) -> 0 | F71: =C71-D71-E71 -> 0 | G71: =SUMIFS('Group Stage'!$H$4:$H$75,'Group Stage'!$E$4:$E$75,"Austria")+SUMIFS('Group Stage'!$I$4:$I$75,'Group Stage'!$F$4:$F$75,"Austria") -> 3 | H71: =SUMIFS('Group Stage'!$I$4:$I$75,'Group Stage'!$E$4:$E$75,"Austria")+SUMIFS('Group Stage'!$H$4:$H$75,'Group Stage'!$F$4:$F$75,"Austria") -> 1 | I71: =G71-H71 -> 2 | J71: =3*D71+E71 -> 3
A72: =IF(SUM($C$69:$C$72)=0,"-",SUMPRODUCT(--(($J$69:$J$72*1000+$I$69:$I$72*10+$G$69:$G$72)>(J72*1000+I72*10+G72)))+1) -> 3 | B72: Jordan | C72: =COUNTIFS('Group Stage'!$E$4:$E$75,"Jordan",'Group Stage'!$H$4:$H$75,"<>")+COUNTIFS('Group Stage'!$F$4:$F$75,"Jordan",'Group Stage'!$H$4:$H$75,"<>") -> 1 | D72: =SUMPRODUCT(('Group Stage'!$E$4:$E$75="Jordan")*('Group Stage'!$H$4:$H$75<>"")*('Group Stage'!$H$4:$H$75>'Group Stage'!$I$4:$I$75))+SUMPRODUCT(('Group Stage'!$F$4:$F$75="Jordan")*('Group Stage'!$H$4:$H$75<>"")*('Group Stage'!$I$4:$I$75>'Group Stage'!$H$4:$H$75)) -> 0 | E72: =SUMPRODUCT((('Group Stage'!$E$4:$E$75="Jordan")+('Group Stage'!$F$4:$F$75="Jordan"))*('Group Stage'!$H$4:$H$75<>"")*('Group Stage'!$H$4:$H$75='Group Stage'!$I$4:$I$75)) -> 0 | F72: =C72-D72-E72 -> 1 | G72: =SUMIFS('Group Stage'!$H$4:$H$75,'Group Stage'!$E$4:$E$75,"Jordan")+SUMIFS('Group Stage'!$I$4:$I$75,'Group Stage'!$F$4:$F$75,"Jordan") -> 1 | H72: =SUMIFS('Group Stage'!$I$4:$I$75,'Group Stage'!$E$4:$E$75,"Jordan")+SUMIFS('Group Stage'!$H$4:$H$75,'Group Stage'!$F$4:$F$75,"Jordan") -> 3 | I72: =G72-H72 -> -2 | J72: =3*D72+E72 -> 0
A74: GROUP K
A75: Pos | B75: Team | C75: Pld | D75: W | E75: D | F75: L | G75: GF | H75: GA | I75: GD | J75: Pts
A76: =IF(SUM($C$76:$C$79)=0,"-",SUMPRODUCT(--(($J$76:$J$79*1000+$I$76:$I$79*10+$G$76:$G$79)>(J76*1000+I76*10+G76)))+1) -> 2 | B76: Portugal | C76: =COUNTIFS('Group Stage'!$E$4:$E$75,"Portugal",'Group Stage'!$H$4:$H$75,"<>")+COUNTIFS('Group Stage'!$F$4:$F$75,"Portugal",'Group Stage'!$H$4:$H$75,"<>") -> 1 | D76: =SUMPRODUCT(('Group Stage'!$E$4:$E$75="Portugal")*('Group Stage'!$H$4:$H$75<>"")*('Group Stage'!$H$4:$H$75>'Group Stage'!$I$4:$I$75))+SUMPRODUCT(('Group Stage'!$F$4:$F$75="Portugal")*('Group Stage'!$H$4:$H$75<>"")*('Group Stage'!$I$4:$I$75>'Group Stage'!$H$4:$H$75)) -> 0 | E76: =SUMPRODUCT((('Group Stage'!$E$4:$E$75="Portugal")+('Group Stage'!$F$4:$F$75="Portugal"))*('Group Stage'!$H$4:$H$75<>"")*('Group Stage'!$H$4:$H$75='Group Stage'!$I$4:$I$75)) -> 1 | F76: =C76-D76-E76 -> 0 | G76: =SUMIFS('Group Stage'!$H$4:$H$75,'Group Stage'!$E$4:$E$75,"Portugal")+SUMIFS('Group Stage'!$I$4:$I$75,'Group Stage'!$F$4:$F$75,"Portugal") -> 1 | H76: =SUMIFS('Group Stage'!$I$4:$I$75,'Group Stage'!$E$4:$E$75,"Portugal")+SUMIFS('Group Stage'!$H$4:$H$75,'Group Stage'!$F$4:$F$75,"Portugal") -> 1 | I76: =G76-H76 -> 0 | J76: =3*D76+E76 -> 1
A77: =IF(SUM($C$76:$C$79)=0,"-",SUMPRODUCT(--(($J$76:$J$79*1000+$I$76:$I$79*10+$G$76:$G$79)>(J77*1000+I77*10+G77)))+1) -> 2 | B77: DR Congo | C77: =COUNTIFS('Group Stage'!$E$4:$E$75,"DR Congo",'Group Stage'!$H$4:$H$75,"<>")+COUNTIFS('Group Stage'!$F$4:$F$75,"DR Congo",'Group Stage'!$H$4:$H$75,"<>") -> 1 | D77: =SUMPRODUCT(('Group Stage'!$E$4:$E$75="DR Congo")*('Group Stage'!$H$4:$H$75<>"")*('Group Stage'!$H$4:$H$75>'Group Stage'!$I$4:$I$75))+SUMPRODUCT(('Group Stage'!$F$4:$F$75="DR Congo")*('Group Stage'!$H$4:$H$75<>"")*('Group Stage'!$I$4:$I$75>'Group Stage'!$H$4:$H$75)) -> 0 | E77: =SUMPRODUCT((('Group Stage'!$E$4:$E$75="DR Congo")+('Group Stage'!$F$4:$F$75="DR Congo"))*('Group Stage'!$H$4:$H$75<>"")*('Group Stage'!$H$4:$H$75='Group Stage'!$I$4:$I$75)) -> 1 | F77: =C77-D77-E77 -> 0 | G77: =SUMIFS('Group Stage'!$H$4:$H$75,'Group Stage'!$E$4:$E$75,"DR Congo")+SUMIFS('Group Stage'!$I$4:$I$75,'Group Stage'!$F$4:$F$75,"DR Congo") -> 1 | H77: =SUMIFS('Group Stage'!$I$4:$I$75,'Group Stage'!$E$4:$E$75,"DR Congo")+SUMIFS('Group Stage'!$H$4:$H$75,'Group Stage'!$F$4:$F$75,"DR Congo") -> 1 | I77: =G77-H77 -> 0 | J77: =3*D77+E77 -> 1
A78: =IF(SUM($C$76:$C$79)=0,"-",SUMPRODUCT(--(($J$76:$J$79*1000+$I$76:$I$79*10+$G$76:$G$79)>(J78*1000+I78*10+G78)))+1) -> 4 | B78: Uzbekistan | C78: =COUNTIFS('Group Stage'!$E$4:$E$75,"Uzbekistan",'Group Stage'!$H$4:$H$75,"<>")+COUNTIFS('Group Stage'!$F$4:$F$75,"Uzbekistan",'Group Stage'!$H$4:$H$75,"<>") -> 1 | D78: =SUMPRODUCT(('Group Stage'!$E$4:$E$75="Uzbekistan")*('Group Stage'!$H$4:$H$75<>"")*('Group Stage'!$H$4:$H$75>'Group Stage'!$I$4:$I$75))+SUMPRODUCT(('Group Stage'!$F$4:$F$75="Uzbekistan")*('Group Stage'!$H$4:$H$75<>"")*('Group Stage'!$I$4:$I$75>'Group Stage'!$H$4:$H$75)) -> 0 | E78: =SUMPRODUCT((('Group Stage'!$E$4:$E$75="Uzbekistan")+('Group Stage'!$F$4:$F$75="Uzbekistan"))*('Group Stage'!$H$4:$H$75<>"")*('Group Stage'!$H$4:$H$75='Group Stage'!$I$4:$I$75)) -> 0 | F78: =C78-D78-E78 -> 1 | G78: =SUMIFS('Group Stage'!$H$4:$H$75,'Group Stage'!$E$4:$E$75,"Uzbekistan")+SUMIFS('Group Stage'!$I$4:$I$75,'Group Stage'!$F$4:$F$75,"Uzbekistan") -> 1 | H78: =SUMIFS('Group Stage'!$I$4:$I$75,'Group Stage'!$E$4:$E$75,"Uzbekistan")+SUMIFS('Group Stage'!$H$4:$H$75,'Group Stage'!$F$4:$F$75,"Uzbekistan") -> 3 | I78: =G78-H78 -> -2 | J78: =3*D78+E78 -> 0
A79: =IF(SUM($C$76:$C$79)=0,"-",SUMPRODUCT(--(($J$76:$J$79*1000+$I$76:$I$79*10+$G$76:$G$79)>(J79*1000+I79*10+G79)))+1) -> 1 | B79: Colombia | C79: =COUNTIFS('Group Stage'!$E$4:$E$75,"Colombia",'Group Stage'!$H$4:$H$75,"<>")+COUNTIFS('Group Stage'!$F$4:$F$75,"Colombia",'Group Stage'!$H$4:$H$75,"<>") -> 1 | D79: =SUMPRODUCT(('Group Stage'!$E$4:$E$75="Colombia")*('Group Stage'!$H$4:$H$75<>"")*('Group Stage'!$H$4:$H$75>'Group Stage'!$I$4:$I$75))+SUMPRODUCT(('Group Stage'!$F$4:$F$75="Colombia")*('Group Stage'!$H$4:$H$75<>"")*('Group Stage'!$I$4:$I$75>'Group Stage'!$H$4:$H$75)) -> 1 | E79: =SUMPRODUCT((('Group Stage'!$E$4:$E$75="Colombia")+('Group Stage'!$F$4:$F$75="Colombia"))*('Group Stage'!$H$4:$H$75<>"")*('Group Stage'!$H$4:$H$75='Group Stage'!$I$4:$I$75)) -> 0 | F79: =C79-D79-E79 -> 0 | G79: =SUMIFS('Group Stage'!$H$4:$H$75,'Group Stage'!$E$4:$E$75,"Colombia")+SUMIFS('Group Stage'!$I$4:$I$75,'Group Stage'!$F$4:$F$75,"Colombia") -> 3 | H79: =SUMIFS('Group Stage'!$I$4:$I$75,'Group Stage'!$E$4:$E$75,"Colombia")+SUMIFS('Group Stage'!$H$4:$H$75,'Group Stage'!$F$4:$F$75,"Colombia") -> 1 | I79: =G79-H79 -> 2 | J79: =3*D79+E79 -> 3
A81: GROUP L
A82: Pos | B82: Team | C82: Pld | D82: W | E82: D | F82: L | G82: GF | H82: GA | I82: GD | J82: Pts
A83: =IF(SUM($C$83:$C$86)=0,"-",SUMPRODUCT(--(($J$83:$J$86*1000+$I$83:$I$86*10+$G$83:$G$86)>(J83*1000+I83*10+G83)))+1) -> 1 | B83: England | C83: =COUNTIFS('Group Stage'!$E$4:$E$75,"England",'Group Stage'!$H$4:$H$75,"<>")+COUNTIFS('Group Stage'!$F$4:$F$75,"England",'Group Stage'!$H$4:$H$75,"<>") -> 1 | D83: =SUMPRODUCT(('Group Stage'!$E$4:$E$75="England")*('Group Stage'!$H$4:$H$75<>"")*('Group Stage'!$H$4:$H$75>'Group Stage'!$I$4:$I$75))+SUMPRODUCT(('Group Stage'!$F$4:$F$75="England")*('Group Stage'!$H$4:$H$75<>"")*('Group Stage'!$I$4:$I$75>'Group Stage'!$H$4:$H$75)) -> 1 | E83: =SUMPRODUCT((('Group Stage'!$E$4:$E$75="England")+('Group Stage'!$F$4:$F$75="England"))*('Group Stage'!$H$4:$H$75<>"")*('Group Stage'!$H$4:$H$75='Group Stage'!$I$4:$I$75)) -> 0 | F83: =C83-D83-E83 -> 0 | G83: =SUMIFS('Group Stage'!$H$4:$H$75,'Group Stage'!$E$4:$E$75,"England")+SUMIFS('Group Stage'!$I$4:$I$75,'Group Stage'!$F$4:$F$75,"England") -> 4 | H83: =SUMIFS('Group Stage'!$I$4:$I$75,'Group Stage'!$E$4:$E$75,"England")+SUMIFS('Group Stage'!$H$4:$H$75,'Group Stage'!$F$4:$F$75,"England") -> 2 | I83: =G83-H83 -> 2 | J83: =3*D83+E83 -> 3
A84: =IF(SUM($C$83:$C$86)=0,"-",SUMPRODUCT(--(($J$83:$J$86*1000+$I$83:$I$86*10+$G$83:$G$86)>(J84*1000+I84*10+G84)))+1) -> 4 | B84: Croatia | C84: =COUNTIFS('Group Stage'!$E$4:$E$75,"Croatia",'Group Stage'!$H$4:$H$75,"<>")+COUNTIFS('Group Stage'!$F$4:$F$75,"Croatia",'Group Stage'!$H$4:$H$75,"<>") -> 1 | D84: =SUMPRODUCT(('Group Stage'!$E$4:$E$75="Croatia")*('Group Stage'!$H$4:$H$75<>"")*('Group Stage'!$H$4:$H$75>'Group Stage'!$I$4:$I$75))+SUMPRODUCT(('Group Stage'!$F$4:$F$75="Croatia")*('Group Stage'!$H$4:$H$75<>"")*('Group Stage'!$I$4:$I$75>'Group Stage'!$H$4:$H$75)) -> 0 | E84: =SUMPRODUCT((('Group Stage'!$E$4:$E$75="Croatia")+('Group Stage'!$F$4:$F$75="Croatia"))*('Group Stage'!$H$4:$H$75<>"")*('Group Stage'!$H$4:$H$75='Group Stage'!$I$4:$I$75)) -> 0 | F84: =C84-D84-E84 -> 1 | G84: =SUMIFS('Group Stage'!$H$4:$H$75,'Group Stage'!$E$4:$E$75,"Croatia")+SUMIFS('Group Stage'!$I$4:$I$75,'Group Stage'!$F$4:$F$75,"Croatia") -> 2 | H84: =SUMIFS('Group Stage'!$I$4:$I$75,'Group Stage'!$E$4:$E$75,"Croatia")+SUMIFS('Group Stage'!$H$4:$H$75,'Group Stage'!$F$4:$F$75,"Croatia") -> 4 | I84: =G84-H84 -> -2 | J84: =3*D84+E84 -> 0
A85: =IF(SUM($C$83:$C$86)=0,"-",SUMPRODUCT(--(($J$83:$J$86*1000+$I$83:$I$86*10+$G$83:$G$86)>(J85*1000+I85*10+G85)))+1) -> 3 | B85: Panama | C85: =COUNTIFS('Group Stage'!$E$4:$E$75,"Panama",'Group Stage'!$H$4:$H$75,"<>")+COUNTIFS('Group Stage'!$F$4:$F$75,"Panama",'Group Stage'!$H$4:$H$75,"<>") -> 1 | D85: =SUMPRODUCT(('Group Stage'!$E$4:$E$75="Panama")*('Group Stage'!$H$4:$H$75<>"")*('Group Stage'!$H$4:$H$75>'Group Stage'!$I$4:$I$75))+SUMPRODUCT(('Group Stage'!$F$4:$F$75="Panama")*('Group Stage'!$H$4:$H$75<>"")*('Group Stage'!$I$4:$I$75>'Group Stage'!$H$4:$H$75)) -> 0 | E85: =SUMPRODUCT((('Group Stage'!$E$4:$E$75="Panama")+('Group Stage'!$F$4:$F$75="Panama"))*('Group Stage'!$H$4:$H$75<>"")*('Group Stage'!$H$4:$H$75='Group Stage'!$I$4:$I$75)) -> 0 | F85: =C85-D85-E85 -> 1 | G85: =SUMIFS('Group Stage'!$H$4:$H$75,'Group Stage'!$E$4:$E$75,"Panama")+SUMIFS('Group Stage'!$I$4:$I$75,'Group Stage'!$F$4:$F$75,"Panama") -> 0 | H85: =SUMIFS('Group Stage'!$I$4:$I$75,'Group Stage'!$E$4:$E$75,"Panama")+SUMIFS('Group Stage'!$H$4:$H$75,'Group Stage'!$F$4:$F$75,"Panama") -> 1 | I85: =G85-H85 -> -1 | J85: =3*D85+E85 -> 0
A86: =IF(SUM($C$83:$C$86)=0,"-",SUMPRODUCT(--(($J$83:$J$86*1000+$I$83:$I$86*10+$G$83:$G$86)>(J86*1000+I86*10+G86)))+1) -> 2 | B86: Ghana | C86: =COUNTIFS('Group Stage'!$E$4:$E$75,"Ghana",'Group Stage'!$H$4:$H$75,"<>")+COUNTIFS('Group Stage'!$F$4:$F$75,"Ghana",'Group Stage'!$H$4:$H$75,"<>") -> 1 | D86: =SUMPRODUCT(('Group Stage'!$E$4:$E$75="Ghana")*('Group Stage'!$H$4:$H$75<>"")*('Group Stage'!$H$4:$H$75>'Group Stage'!$I$4:$I$75))+SUMPRODUCT(('Group Stage'!$F$4:$F$75="Ghana")*('Group Stage'!$H$4:$H$75<>"")*('Group Stage'!$I$4:$I$75>'Group Stage'!$H$4:$H$75)) -> 1 | E86: =SUMPRODUCT((('Group Stage'!$E$4:$E$75="Ghana")+('Group Stage'!$F$4:$F$75="Ghana"))*('Group Stage'!$H$4:$H$75<>"")*('Group Stage'!$H$4:$H$75='Group Stage'!$I$4:$I$75)) -> 0 | F86: =C86-D86-E86 -> 0 | G86: =SUMIFS('Group Stage'!$H$4:$H$75,'Group Stage'!$E$4:$E$75,"Ghana")+SUMIFS('Group Stage'!$I$4:$I$75,'Group Stage'!$F$4:$F$75,"Ghana") -> 1 | H86: =SUMIFS('Group Stage'!$I$4:$I$75,'Group Stage'!$E$4:$E$75,"Ghana")+SUMIFS('Group Stage'!$H$4:$H$75,'Group Stage'!$F$4:$F$75,"Ghana") -> 0 | I86: =G86-H86 -> 1 | J86: =3*D86+E86 -> 3

Sheet Group Stage
A1: GROUP STAGE — 72 matches in date order · predict every scoreline · 'J' = Joker (doubles points) · times in CT
A2: MATCH | H2: ACTUAL | J2: GANESH | N2: SIDDHESH | R2: ANIKET
A3: # | B3: Date | C3: KO (CT) | D3: Grp | E3: Home | F3: Away | G3: Lock | H3: Act H | I3: Act A | J3: G H | K3: G A | L3: Jk | M3: G Pts | N3: S H | O3: S A | P3: Jk | Q3: S Pts | R3: A H | S3: A A | T3: Jk | U3: A Pts | V3: Venue
A4: 1 | B4: Thu, Jun 11 | C4: 14:00 | D4: A | E4: Mexico | F4: South Africa | G4: L | H4: 2 | I4: 0 | J4: 2 | K4: 0 | M4: =IF(OR($H4="",$I4=""),"",IF(OR(J4="",K4=""),-1,(IF(AND(J4=$H4,K4=$I4),5,IF(SIGN(J4-K4)=SIGN($H4-$I4),IF((J4-K4)=($H4-$I4),4,3),0)))*IF(L4="J",2,1))) -> 5 | N4: 2 | O4: 1 | Q4: =IF(OR($H4="",$I4=""),"",IF(OR(N4="",O4=""),-1,(IF(AND(N4=$H4,O4=$I4),5,IF(SIGN(N4-O4)=SIGN($H4-$I4),IF((N4-O4)=($H4-$I4),4,3),0)))*IF(P4="J",2,1))) -> 3 | R4: 2 | S4: 0 | U4: =IF(OR($H4="",$I4=""),"",IF(OR(R4="",S4=""),-1,(IF(AND(R4=$H4,S4=$I4),5,IF(SIGN(R4-S4)=SIGN($H4-$I4),IF((R4-S4)=($H4-$I4),4,3),0)))*IF(T4="J",2,1))) -> 5 | V4: Estadio Azteca, Mexico City
A5: 2 | B5: Thu, Jun 11 | C5: 21:00 | D5: A | E5: South Korea | F5: Czechia | G5: L | H5: 2 | I5: 1 | J5: 1 | K5: 1 | M5: =IF(OR($H5="",$I5=""),"",IF(OR(J5="",K5=""),-1,(IF(AND(J5=$H5,K5=$I5),5,IF(SIGN(J5-K5)=SIGN($H5-$I5),IF((J5-K5)=($H5-$I5),4,3),0)))*IF(L5="J",2,1))) -> 0 | N5: 2 | O5: 1 | Q5: =IF(OR($H5="",$I5=""),"",IF(OR(N5="",O5=""),-1,(IF(AND(N5=$H5,O5=$I5),5,IF(SIGN(N5-O5)=SIGN($H5-$I5),IF((N5-O5)=($H5-$I5),4,3),0)))*IF(P5="J",2,1))) -> 5 | R5: 2 | S5: 1 | U5: =IF(OR($H5="",$I5=""),"",IF(OR(R5="",S5=""),-1,(IF(AND(R5=$H5,S5=$I5),5,IF(SIGN(R5-S5)=SIGN($H5-$I5),IF((R5-S5)=($H5-$I5),4,3),0)))*IF(T5="J",2,1))) -> 5 | V5: Estadio Akron, Guadalajara
A6: 3 | B6: Fri, Jun 12 | C6: 14:00 | D6: B | E6: Canada | F6: Bosnia-Herzegovina | G6: L | H6: 1 | I6: 1 | J6: 1 | K6: 0 | M6: =IF(OR($H6="",$I6=""),"",IF(OR(J6="",K6=""),-1,(IF(AND(J6=$H6,K6=$I6),5,IF(SIGN(J6-K6)=SIGN($H6-$I6),IF((J6-K6)=($H6-$I6),4,3),0)))*IF(L6="J",2,1))) -> 0 | N6: 1 | O6: 1 | Q6: =IF(OR($H6="",$I6=""),"",IF(OR(N6="",O6=""),-1,(IF(AND(N6=$H6,O6=$I6),5,IF(SIGN(N6-O6)=SIGN($H6-$I6),IF((N6-O6)=($H6-$I6),4,3),0)))*IF(P6="J",2,1))) -> 5 | R6: 2 | S6: 1 | U6: =IF(OR($H6="",$I6=""),"",IF(OR(R6="",S6=""),-1,(IF(AND(R6=$H6,S6=$I6),5,IF(SIGN(R6-S6)=SIGN($H6-$I6),IF((R6-S6)=($H6-$I6),4,3),0)))*IF(T6="J",2,1))) -> 0 | V6: BMO Field, Toronto
A7: 4 | B7: Fri, Jun 12 | C7: 20:00 | D7: D | E7: United States | F7: Paraguay | G7: L | H7: 4 | I7: 1 | J7: 2 | K7: 1 | M7: =IF(OR($H7="",$I7=""),"",IF(OR(J7="",K7=""),-1,(IF(AND(J7=$H7,K7=$I7),5,IF(SIGN(J7-K7)=SIGN($H7-$I7),IF((J7-K7)=($H7-$I7),4,3),0)))*IF(L7="J",2,1))) -> 3 | N7: 3 | O7: 2 | Q7: =IF(OR($H7="",$I7=""),"",IF(OR(N7="",O7=""),-1,(IF(AND(N7=$H7,O7=$I7),5,IF(SIGN(N7-O7)=SIGN($H7-$I7),IF((N7-O7)=($H7-$I7),4,3),0)))*IF(P7="J",2,1))) -> 3 | R7: 1 | S7: 0 | U7: =IF(OR($H7="",$I7=""),"",IF(OR(R7="",S7=""),-1,(IF(AND(R7=$H7,S7=$I7),5,IF(SIGN(R7-S7)=SIGN($H7-$I7),IF((R7-S7)=($H7-$I7),4,3),0)))*IF(T7="J",2,1))) -> 3 | V7: SoFi Stadium, Inglewood
A8: 5 | B8: Fri, Jun 12 | C8: 23:00 | D8: D | E8: Australia | F8: Türkiye | G8: L | H8: 2 | I8: 0 | J8: 1 | K8: 2 | M8: =IF(OR($H8="",$I8=""),"",IF(OR(J8="",K8=""),-1,(IF(AND(J8=$H8,K8=$I8),5,IF(SIGN(J8-K8)=SIGN($H8-$I8),IF((J8-K8)=($H8-$I8),4,3),0)))*IF(L8="J",2,1))) -> 0 | N8: 1 | O8: 2 | Q8: =IF(OR($H8="",$I8=""),"",IF(OR(N8="",O8=""),-1,(IF(AND(N8=$H8,O8=$I8),5,IF(SIGN(N8-O8)=SIGN($H8-$I8),IF((N8-O8)=($H8-$I8),4,3),0)))*IF(P8="J",2,1))) -> 0 | R8: 0 | S8: 1 | U8: =IF(OR($H8="",$I8=""),"",IF(OR(R8="",S8=""),-1,(IF(AND(R8=$H8,S8=$I8),5,IF(SIGN(R8-S8)=SIGN($H8-$I8),IF((R8-S8)=($H8-$I8),4,3),0)))*IF(T8="J",2,1))) -> 0 | V8: BC Place, Vancouver
A9: 6 | B9: Sat, Jun 13 | C9: 13:00 | D9: B | E9: Qatar | F9: Switzerland | G9: L | H9: 1 | I9: 1 | J9: 0 | K9: 2 | M9: =IF(OR($H9="",$I9=""),"",IF(OR(J9="",K9=""),-1,(IF(AND(J9=$H9,K9=$I9),5,IF(SIGN(J9-K9)=SIGN($H9-$I9),IF((J9-K9)=($H9-$I9),4,3),0)))*IF(L9="J",2,1))) -> 0 | N9: 0 | O9: 2 | Q9: =IF(OR($H9="",$I9=""),"",IF(OR(N9="",O9=""),-1,(IF(AND(N9=$H9,O9=$I9),5,IF(SIGN(N9-O9)=SIGN($H9-$I9),IF((N9-O9)=($H9-$I9),4,3),0)))*IF(P9="J",2,1))) -> 0 | R9: 0 | S9: 2 | U9: =IF(OR($H9="",$I9=""),"",IF(OR(R9="",S9=""),-1,(IF(AND(R9=$H9,S9=$I9),5,IF(SIGN(R9-S9)=SIGN($H9-$I9),IF((R9-S9)=($H9-$I9),4,3),0)))*IF(T9="J",2,1))) -> 0 | V9: Levi's Stadium, Santa Clara
A10: 7 | B10: Sat, Jun 13 | C10: 16:00 | D10: C | E10: Brazil | F10: Morocco | G10: L | H10: 1 | I10: 1 | J10: 1 | K10: 2 | M10: =IF(OR($H10="",$I10=""),"",IF(OR(J10="",K10=""),-1,(IF(AND(J10=$H10,K10=$I10),5,IF(SIGN(J10-K10)=SIGN($H10-$I10),IF((J10-K10)=($H10-$I10),4,3),0)))*IF(L10="J",2,1))) -> 0 | N10: 2 | O10: 2 | Q10: =IF(OR($H10="",$I10=""),"",IF(OR(N10="",O10=""),-1,(IF(AND(N10=$H10,O10=$I10),5,IF(SIGN(N10-O10)=SIGN($H10-$I10),IF((N10-O10)=($H10-$I10),4,3),0)))*IF(P10="J",2,1))) -> 4 | R10: 2 | S10: 1 | U10: =IF(OR($H10="",$I10=""),"",IF(OR(R10="",S10=""),-1,(IF(AND(R10=$H10,S10=$I10),5,IF(SIGN(R10-S10)=SIGN($H10-$I10),IF((R10-S10)=($H10-$I10),4,3),0)))*IF(T10="J",2,1))) -> 0 | V10: MetLife Stadium, East Rutherford
A11: 8 | B11: Sat, Jun 13 | C11: 20:00 | D11: C | E11: Haiti | F11: Scotland | G11: L | H11: 0 | I11: 1 | J11: 0 | K11: 2 | M11: =IF(OR($H11="",$I11=""),"",IF(OR(J11="",K11=""),-1,(IF(AND(J11=$H11,K11=$I11),5,IF(SIGN(J11-K11)=SIGN($H11-$I11),IF((J11-K11)=($H11-$I11),4,3),0)))*IF(L11="J",2,1))) -> 3 | N11: 0 | O11: 2 | Q11: =IF(OR($H11="",$I11=""),"",IF(OR(N11="",O11=""),-1,(IF(AND(N11=$H11,O11=$I11),5,IF(SIGN(N11-O11)=SIGN($H11-$I11),IF((N11-O11)=($H11-$I11),4,3),0)))*IF(P11="J",2,1))) -> 3 | R11: 0 | S11: 2 | U11: =IF(OR($H11="",$I11=""),"",IF(OR(R11="",S11=""),-1,(IF(AND(R11=$H11,S11=$I11),5,IF(SIGN(R11-S11)=SIGN($H11-$I11),IF((R11-S11)=($H11-$I11),4,3),0)))*IF(T11="J",2,1))) -> 3 | V11: Gillette Stadium, Foxboro
A12: 9 | B12: Sun, Jun 14 | C12: 12:00 | D12: E | E12: Germany | F12: Curaçao | G12: L | H12: 7 | I12: 1 | J12: 3 | K12: 0 | L12: J | M12: =IF(OR($H12="",$I12=""),"",IF(OR(J12="",K12=""),-1,(IF(AND(J12=$H12,K12=$I12),5,IF(SIGN(J12-K12)=SIGN($H12-$I12),IF((J12-K12)=($H12-$I12),4,3),0)))*IF(L12="J",2,1))) -> 6 | N12: 4 | O12: 0 | P12: J | Q12: =IF(OR($H12="",$I12=""),"",IF(OR(N12="",O12=""),-1,(IF(AND(N12=$H12,O12=$I12),5,IF(SIGN(N12-O12)=SIGN($H12-$I12),IF((N12-O12)=($H12-$I12),4,3),0)))*IF(P12="J",2,1))) -> 6 | R12: 4 | S12: 0 | T12: J | U12: =IF(OR($H12="",$I12=""),"",IF(OR(R12="",S12=""),-1,(IF(AND(R12=$H12,S12=$I12),5,IF(SIGN(R12-S12)=SIGN($H12-$I12),IF((R12-S12)=($H12-$I12),4,3),0)))*IF(T12="J",2,1))) -> 6 | V12: NRG Stadium, Houston
A13: 10 | B13: Sun, Jun 14 | C13: 15:00 | D13: F | E13: Netherlands | F13: Japan | G13: L | H13: 2 | I13: 2 | J13: 2 | K13: 1 | M13: =IF(OR($H13="",$I13=""),"",IF(OR(J13="",K13=""),-1,(IF(AND(J13=$H13,K13=$I13),5,IF(SIGN(J13-K13)=SIGN($H13-$I13),IF((J13-K13)=($H13-$I13),4,3),0)))*IF(L13="J",2,1))) -> 0 | N13: 0 | O13: 0 | Q13: =IF(OR($H13="",$I13=""),"",IF(OR(N13="",O13=""),-1,(IF(AND(N13=$H13,O13=$I13),5,IF(SIGN(N13-O13)=SIGN($H13-$I13),IF((N13-O13)=($H13-$I13),4,3),0)))*IF(P13="J",2,1))) -> 4 | R13: 1 | S13: 1 | U13: =IF(OR($H13="",$I13=""),"",IF(OR(R13="",S13=""),-1,(IF(AND(R13=$H13,S13=$I13),5,IF(SIGN(R13-S13)=SIGN($H13-$I13),IF((R13-S13)=($H13-$I13),4,3),0)))*IF(T13="J",2,1))) -> 4 | V13: AT&T Stadium, Arlington
A14: 11 | B14: Sun, Jun 14 | C14: 18:00 | D14: E | E14: Ivory Coast | F14: Ecuador | G14: L | H14: 1 | I14: 0 | J14: 1 | K14: 1 | M14: =IF(OR($H14="",$I14=""),"",IF(OR(J14="",K14=""),-1,(IF(AND(J14=$H14,K14=$I14),5,IF(SIGN(J14-K14)=SIGN($H14-$I14),IF((J14-K14)=($H14-$I14),4,3),0)))*IF(L14="J",2,1))) -> 0 | N14: 1 | O14: 1 | Q14: 0 | R14: 1 | S14: 1 | U14: =IF(OR($H14="",$I14=""),"",IF(OR(R14="",S14=""),-1,(IF(AND(R14=$H14,S14=$I14),5,IF(SIGN(R14-S14)=SIGN($H14-$I14),IF((R14-S14)=($H14-$I14),4,3),0)))*IF(T14="J",2,1))) -> 0 | V14: Lincoln Financial Field, Philadelphia
A15: 12 | B15: Sun, Jun 14 | C15: 21:00 | D15: F | E15: Sweden | F15: Tunisia | G15: L | H15: 5 | I15: 1 | J15: 1 | K15: 0 | M15: =IF(OR($H15="",$I15=""),"",IF(OR(J15="",K15=""),-1,(IF(AND(J15=$H15,K15=$I15),5,IF(SIGN(J15-K15)=SIGN($H15-$I15),IF((J15-K15)=($H15-$I15),4,3),0)))*IF(L15="J",2,1))) -> 3 | N15: 1 | O15: 0 | Q15: =IF(OR($H15="",$I15=""),"",IF(OR(N15="",O15=""),-1,(IF(AND(N15=$H15,O15=$I15),5,IF(SIGN(N15-O15)=SIGN($H15-$I15),IF((N15-O15)=($H15-$I15),4,3),0)))*IF(P15="J",2,1))) -> 3 | R15: 1 | S15: 0 | U15: =IF(OR($H15="",$I15=""),"",IF(OR(R15="",S15=""),-1,(IF(AND(R15=$H15,S15=$I15),5,IF(SIGN(R15-S15)=SIGN($H15-$I15),IF((R15-S15)=($H15-$I15),4,3),0)))*IF(T15="J",2,1))) -> 3 | V15: Estadio BBVA, Monterrey
A16: 13 | B16: Mon, Jun 15 | C16: 11:00 | D16: H | E16: Spain | F16: Cape Verde | G16: L | H16: 0 | I16: 0 | J16: 5 | K16: 0 | M16: =IF(OR($H16="",$I16=""),"",IF(OR(J16="",K16=""),-1,(IF(AND(J16=$H16,K16=$I16),5,IF(SIGN(J16-K16)=SIGN($H16-$I16),IF((J16-K16)=($H16-$I16),4,3),0)))*IF(L16="J",2,1))) -> 0 | N16: 4 | O16: 0 | P16: J | Q16: =IF(OR($H16="",$I16=""),"",IF(OR(N16="",O16=""),-1,(IF(AND(N16=$H16,O16=$I16),5,IF(SIGN(N16-O16)=SIGN($H16-$I16),IF((N16-O16)=($H16-$I16),4,3),0)))*IF(P16="J",2,1))) -> 0 | R16: 4 | S16: 0 | T16: J | U16: =IF(OR($H16="",$I16=""),"",IF(OR(R16="",S16=""),-1,(IF(AND(R16=$H16,S16=$I16),5,IF(SIGN(R16-S16)=SIGN($H16-$I16),IF((R16-S16)=($H16-$I16),4,3),0)))*IF(T16="J",2,1))) -> 0 | V16: Mercedes-Benz Stadium, Atlanta
A17: 14 | B17: Mon, Jun 15 | C17: 14:00 | D17: G | E17: Belgium | F17: Egypt | G17: L | H17: 1 | I17: 1 | J17: 2 | K17: 1 | M17: =IF(OR($H17="",$I17=""),"",IF(OR(J17="",K17=""),-1,(IF(AND(J17=$H17,K17=$I17),5,IF(SIGN(J17-K17)=SIGN($H17-$I17),IF((J17-K17)=($H17-$I17),4,3),0)))*IF(L17="J",2,1))) -> 0 | N17: 1 | O17: 1 | Q17: =IF(OR($H17="",$I17=""),"",IF(OR(N17="",O17=""),-1,(IF(AND(N17=$H17,O17=$I17),5,IF(SIGN(N17-O17)=SIGN($H17-$I17),IF((N17-O17)=($H17-$I17),4,3),0)))*IF(P17="J",2,1))) -> 5 | R17: 2 | S17: 1 | U17: =IF(OR($H17="",$I17=""),"",IF(OR(R17="",S17=""),-1,(IF(AND(R17=$H17,S17=$I17),5,IF(SIGN(R17-S17)=SIGN($H17-$I17),IF((R17-S17)=($H17-$I17),4,3),0)))*IF(T17="J",2,1))) -> 0 | V17: Lumen Field, Seattle
A18: 15 | B18: Mon, Jun 15 | C18: 17:00 | D18: H | E18: Saudi Arabia | F18: Uruguay | G18: L | H18: 1 | I18: 1 | J18: 1 | K18: 2 | M18: =IF(OR($H18="",$I18=""),"",IF(OR(J18="",K18=""),-1,(IF(AND(J18=$H18,K18=$I18),5,IF(SIGN(J18-K18)=SIGN($H18-$I18),IF((J18-K18)=($H18-$I18),4,3),0)))*IF(L18="J",2,1))) -> 0 | N18: 0 | O18: 1 | Q18: =IF(OR($H18="",$I18=""),"",IF(OR(N18="",O18=""),-1,(IF(AND(N18=$H18,O18=$I18),5,IF(SIGN(N18-O18)=SIGN($H18-$I18),IF((N18-O18)=($H18-$I18),4,3),0)))*IF(P18="J",2,1))) -> 0 | R18: 0 | S18: 1 | U18: =IF(OR($H18="",$I18=""),"",IF(OR(R18="",S18=""),-1,(IF(AND(R18=$H18,S18=$I18),5,IF(SIGN(R18-S18)=SIGN($H18-$I18),IF((R18-S18)=($H18-$I18),4,3),0)))*IF(T18="J",2,1))) -> 0 | V18: Hard Rock Stadium, Miami
A19: 16 | B19: Mon, Jun 15 | C19: 20:00 | D19: G | E19: Iran | F19: New Zealand | G19: L | H19: 2 | I19: 2 | J19: 1 | K19: 0 | M19: =IF(OR($H19="",$I19=""),"",IF(OR(J19="",K19=""),-1,(IF(AND(J19=$H19,K19=$I19),5,IF(SIGN(J19-K19)=SIGN($H19-$I19),IF((J19-K19)=($H19-$I19),4,3),0)))*IF(L19="J",2,1))) -> 0 | N19: 1 | O19: 1 | Q19: =IF(OR($H19="",$I19=""),"",IF(OR(N19="",O19=""),-1,(IF(AND(N19=$H19,O19=$I19),5,IF(SIGN(N19-O19)=SIGN($H19-$I19),IF((N19-O19)=($H19-$I19),4,3),0)))*IF(P19="J",2,1))) -> 4 | R19: 1 | S19: 0 | U19: =IF(OR($H19="",$I19=""),"",IF(OR(R19="",S19=""),-1,(IF(AND(R19=$H19,S19=$I19),5,IF(SIGN(R19-S19)=SIGN($H19-$I19),IF((R19-S19)=($H19-$I19),4,3),0)))*IF(T19="J",2,1))) -> 0 | V19: SoFi Stadium, Inglewood
A20: 18 | B20: Tue, Jun 16 | C20: 14:00 | D20: I | E20: France | F20: Senegal | G20: L | H20: 3 | I20: 1 | J20: 3 | K20: 1 | M20: =IF(OR($H20="",$I20=""),"",IF(OR(J20="",K20=""),-1,(IF(AND(J20=$H20,K20=$I20),5,IF(SIGN(J20-K20)=SIGN($H20-$I20),IF((J20-K20)=($H20-$I20),4,3),0)))*IF(L20="J",2,1))) -> 5 | N20: 2 | O20: 1 | Q20: =IF(OR($H20="",$I20=""),"",IF(OR(N20="",O20=""),-1,(IF(AND(N20=$H20,O20=$I20),5,IF(SIGN(N20-O20)=SIGN($H20-$I20),IF((N20-O20)=($H20-$I20),4,3),0)))*IF(P20="J",2,1))) -> 3 | R20: 2 | S20: 1 | U20: =IF(OR($H20="",$I20=""),"",IF(OR(R20="",S20=""),-1,(IF(AND(R20=$H20,S20=$I20),5,IF(SIGN(R20-S20)=SIGN($H20-$I20),IF((R20-S20)=($H20-$I20),4,3),0)))*IF(T20="J",2,1))) -> 3 | V20: MetLife Stadium, East Rutherford
A21: 19 | B21: Tue, Jun 16 | C21: 17:00 | D21: I | E21: Iraq | F21: Norway | G21: L | H21: 1 | I21: 4 | J21: 0 | K21: 3 | L21: J | M21: =IF(OR($H21="",$I21=""),"",IF(OR(J21="",K21=""),-1,(IF(AND(J21=$H21,K21=$I21),5,IF(SIGN(J21-K21)=SIGN($H21-$I21),IF((J21-K21)=($H21-$I21),4,3),0)))*IF(L21="J",2,1))) -> 8 | N21: 0 | O21: 3 | Q21: =IF(OR($H21="",$I21=""),"",IF(OR(N21="",O21=""),-1,(IF(AND(N21=$H21,O21=$I21),5,IF(SIGN(N21-O21)=SIGN($H21-$I21),IF((N21-O21)=($H21-$I21),4,3),0)))*IF(P21="J",2,1))) -> 4 | R21: 0 | S21: 2 | U21: =IF(OR($H21="",$I21=""),"",IF(OR(R21="",S21=""),-1,(IF(AND(R21=$H21,S21=$I21),5,IF(SIGN(R21-S21)=SIGN($H21-$I21),IF((R21-S21)=($H21-$I21),4,3),0)))*IF(T21="J",2,1))) -> 3 | V21: Gillette Stadium, Foxborough
A22: 20 | B22: Tue, Jun 16 | C22: 20:00 | D22: J | E22: Argentina | F22: Algeria | G22: L | H22: 3 | I22: 0 | J22: 2 | K22: 1 | M22: =IF(OR($H22="",$I22=""),"",IF(OR(J22="",K22=""),-1,(IF(AND(J22=$H22,K22=$I22),5,IF(SIGN(J22-K22)=SIGN($H22-$I22),IF((J22-K22)=($H22-$I22),4,3),0)))*IF(L22="J",2,1))) -> 3 | N22: 2 | O22: 1 | Q22: =IF(OR($H22="",$I22=""),"",IF(OR(N22="",O22=""),-1,(IF(AND(N22=$H22,O22=$I22),5,IF(SIGN(N22-O22)=SIGN($H22-$I22),IF((N22-O22)=($H22-$I22),4,3),0)))*IF(P22="J",2,1))) -> 3 | R22: 3 | S22: 1 | U22: =IF(OR($H22="",$I22=""),"",IF(OR(R22="",S22=""),-1,(IF(AND(R22=$H22,S22=$I22),5,IF(SIGN(R22-S22)=SIGN($H22-$I22),IF((R22-S22)=($H22-$I22),4,3),0)))*IF(T22="J",2,1))) -> 3 | V22: Arrowhead Stadium, Kansas City
A23: 17 | B23: Tue, Jun 16 | C23: 23:00 | D23: J | E23: Austria | F23: Jordan | G23: L | H23: 3 | I23: 1 | J23: 2 | K23: 0 | M23: =IF(OR($H23="",$I23=""),"",IF(OR(J23="",K23=""),-1,(IF(AND(J23=$H23,K23=$I23),5,IF(SIGN(J23-K23)=SIGN($H23-$I23),IF((J23-K23)=($H23-$I23),4,3),0)))*IF(L23="J",2,1))) -> 4 | N23: 1 | O23: 0 | Q23: =IF(OR($H23="",$I23=""),"",IF(OR(N23="",O23=""),-1,(IF(AND(N23=$H23,O23=$I23),5,IF(SIGN(N23-O23)=SIGN($H23-$I23),IF((N23-O23)=($H23-$I23),4,3),0)))*IF(P23="J",2,1))) -> 3 | R23: 2 | S23: 0 | U23: =IF(OR($H23="",$I23=""),"",IF(OR(R23="",S23=""),-1,(IF(AND(R23=$H23,S23=$I23),5,IF(SIGN(R23-S23)=SIGN($H23-$I23),IF((R23-S23)=($H23-$I23),4,3),0)))*IF(T23="J",2,1))) -> 4 | V23: Levi's Stadium, Santa Clara
A24: 21 | B24: Wed, Jun 17 | C24: 12:00 | D24: K | E24: Portugal | F24: DR Congo | G24: L | H24: 1 | I24: 1 | J24: 3 | K24: 0 | M24: =IF(OR($H24="",$I24=""),"",IF(OR(J24="",K24=""),-1,(IF(AND(J24=$H24,K24=$I24),5,IF(SIGN(J24-K24)=SIGN($H24-$I24),IF((J24-K24)=($H24-$I24),4,3),0)))*IF(L24="J",2,1))) -> 0 | N24: 5 | O24: 0 | P24: J | Q24: =IF(OR($H24="",$I24=""),"",IF(OR(N24="",O24=""),-1,(IF(AND(N24=$H24,O24=$I24),5,IF(SIGN(N24-O24)=SIGN($H24-$I24),IF((N24-O24)=($H24-$I24),4,3),0)))*IF(P24="J",2,1))) -> 0 | R24: 3 | S24: 0 | U24: =IF(OR($H24="",$I24=""),"",IF(OR(R24="",S24=""),-1,(IF(AND(R24=$H24,S24=$I24),5,IF(SIGN(R24-S24)=SIGN($H24-$I24),IF((R24-S24)=($H24-$I24),4,3),0)))*IF(T24="J",2,1))) -> 0 | V24: NRG Stadium, Houston
A25: 22 | B25: Wed, Jun 17 | C25: 15:00 | D25: L | E25: England | F25: Croatia | G25: L | H25: 4 | I25: 2 | J25: 3 | K25: 1 | M25: =IF(OR($H25="",$I25=""),"",IF(OR(J25="",K25=""),-1,(IF(AND(J25=$H25,K25=$I25),5,IF(SIGN(J25-K25)=SIGN($H25-$I25),IF((J25-K25)=($H25-$I25),4,3),0)))*IF(L25="J",2,1))) -> 4 | N25: 2 | O25: 1 | Q25: =IF(OR($H25="",$I25=""),"",IF(OR(N25="",O25=""),-1,(IF(AND(N25=$H25,O25=$I25),5,IF(SIGN(N25-O25)=SIGN($H25-$I25),IF((N25-O25)=($H25-$I25),4,3),0)))*IF(P25="J",2,1))) -> 3 | R25: 1 | S25: 1 | U25: =IF(OR($H25="",$I25=""),"",IF(OR(R25="",S25=""),-1,(IF(AND(R25=$H25,S25=$I25),5,IF(SIGN(R25-S25)=SIGN($H25-$I25),IF((R25-S25)=($H25-$I25),4,3),0)))*IF(T25="J",2,1))) -> 0 | V25: AT&T Stadium, Arlington
A26: 23 | B26: Wed, Jun 17 | C26: 18:00 | D26: L | E26: Ghana | F26: Panama | G26: L | H26: 1 | I26: 0 | J26: 1 | K26: 0 | M26: =IF(OR($H26="",$I26=""),"",IF(OR(J26="",K26=""),-1,(IF(AND(J26=$H26,K26=$I26),5,IF(SIGN(J26-K26)=SIGN($H26-$I26),IF((J26-K26)=($H26-$I26),4,3),0)))*IF(L26="J",2,1))) -> 5 | N26: 3 | O26: 1 | Q26: =IF(OR($H26="",$I26=""),"",IF(OR(N26="",O26=""),-1,(IF(AND(N26=$H26,O26=$I26),5,IF(SIGN(N26-O26)=SIGN($H26-$I26),IF((N26-O26)=($H26-$I26),4,3),0)))*IF(P26="J",2,1))) -> 3 | R26: 2 | S26: 1 | U26: =IF(OR($H26="",$I26=""),"",IF(OR(R26="",S26=""),-1,(IF(AND(R26=$H26,S26=$I26),5,IF(SIGN(R26-S26)=SIGN($H26-$I26),IF((R26-S26)=($H26-$I26),4,3),0)))*IF(T26="J",2,1))) -> 4 | V26: BMO Field, Toronto
A27: 24 | B27: Wed, Jun 17 | C27: 21:00 | D27: K | E27: Uzbekistan | F27: Colombia | G27: L | H27: 1 | I27: 3 | J27: 0 | K27: 2 | M27: =IF(OR($H27="",$I27=""),"",IF(OR(J27="",K27=""),-1,(IF(AND(J27=$H27,K27=$I27),5,IF(SIGN(J27-K27)=SIGN($H27-$I27),IF((J27-K27)=($H27-$I27),4,3),0)))*IF(L27="J",2,1))) -> 4 | N27: 1 | O27: 3 | Q27: =IF(OR($H27="",$I27=""),"",IF(OR(N27="",O27=""),-1,(IF(AND(N27=$H27,O27=$I27),5,IF(SIGN(N27-O27)=SIGN($H27-$I27),IF((N27-O27)=($H27-$I27),4,3),0)))*IF(P27="J",2,1))) -> 5 | R27: 0 | S27: 2 | U27: =IF(OR($H27="",$I27=""),"",IF(OR(R27="",S27=""),-1,(IF(AND(R27=$H27,S27=$I27),5,IF(SIGN(R27-S27)=SIGN($H27-$I27),IF((R27-S27)=($H27-$I27),4,3),0)))*IF(T27="J",2,1))) -> 4 | V27: Estadio Azteca, Mexico City
A28: 25 | B28: Thu, Jun 18 | C28: 11:00 | D28: A | E28: Czechia | F28: South Africa | G28: L | H28: 1 | I28: 1 | J28: 2 | K28: 1 | M28: =IF(OR($H28="",$I28=""),"",IF(OR(J28="",K28=""),-1,(IF(AND(J28=$H28,K28=$I28),5,IF(SIGN(J28-K28)=SIGN($H28-$I28),IF((J28-K28)=($H28-$I28),4,3),0)))*IF(L28="J",2,1))) -> 0 | N28: 2 | O28: 1 | Q28: =IF(OR($H28="",$I28=""),"",IF(OR(N28="",O28=""),-1,(IF(AND(N28=$H28,O28=$I28),5,IF(SIGN(N28-O28)=SIGN($H28-$I28),IF((N28-O28)=($H28-$I28),4,3),0)))*IF(P28="J",2,1))) -> 0 | R28: 1 | S28: 0 | U28: =IF(OR($H28="",$I28=""),"",IF(OR(R28="",S28=""),-1,(IF(AND(R28=$H28,S28=$I28),5,IF(SIGN(R28-S28)=SIGN($H28-$I28),IF((R28-S28)=($H28-$I28),4,3),0)))*IF(T28="J",2,1))) -> 0 | V28: Mercedes-Benz Stadium, Atlanta
A29: 26 | B29: Thu, Jun 18 | C29: 14:00 | D29: B | E29: Switzerland | F29: Bosnia-Herzegovina | G29: L | H29: 4 | I29: 1 | J29: 2 | K29: 1 | M29: =IF(OR($H29="",$I29=""),"",IF(OR(J29="",K29=""),-1,(IF(AND(J29=$H29,K29=$I29),5,IF(SIGN(J29-K29)=SIGN($H29-$I29),IF((J29-K29)=($H29-$I29),4,3),0)))*IF(L29="J",2,1))) -> 3 | N29: 1 | O29: 1 | Q29: =IF(OR($H29="",$I29=""),"",IF(OR(N29="",O29=""),-1,(IF(AND(N29=$H29,O29=$I29),5,IF(SIGN(N29-O29)=SIGN($H29-$I29),IF((N29-O29)=($H29-$I29),4,3),0)))*IF(P29="J",2,1))) -> 0 | R29: 2 | S29: 1 | U29: =IF(OR($H29="",$I29=""),"",IF(OR(R29="",S29=""),-1,(IF(AND(R29=$H29,S29=$I29),5,IF(SIGN(R29-S29)=SIGN($H29-$I29),IF((R29-S29)=($H29-$I29),4,3),0)))*IF(T29="J",2,1))) -> 3 | V29: SoFi Stadium, Inglewood
A30: 27 | B30: Thu, Jun 18 | C30: 17:00 | D30: B | E30: Canada | F30: Qatar | G30: L | H30: 6 | I30: 0 | J30: 1 | K30: 1 | M30: =IF(OR($H30="",$I30=""),"",IF(OR(J30="",K30=""),-1,(IF(AND(J30=$H30,K30=$I30),5,IF(SIGN(J30-K30)=SIGN($H30-$I30),IF((J30-K30)=($H30-$I30),4,3),0)))*IF(L30="J",2,1))) -> 0 | N30: 2 | O30: 0 | Q30: =IF(OR($H30="",$I30=""),"",IF(OR(N30="",O30=""),-1,(IF(AND(N30=$H30,O30=$I30),5,IF(SIGN(N30-O30)=SIGN($H30-$I30),IF((N30-O30)=($H30-$I30),4,3),0)))*IF(P30="J",2,1))) -> 3 | R30: 2 | S30: 1 | U30: =IF(OR($H30="",$I30=""),"",IF(OR(R30="",S30=""),-1,(IF(AND(R30=$H30,S30=$I30),5,IF(SIGN(R30-S30)=SIGN($H30-$I30),IF((R30-S30)=($H30-$I30),4,3),0)))*IF(T30="J",2,1))) -> 3 | V30: BC Place, Vancouver
A31: 28 | B31: Thu, Jun 18 | C31: 20:00 | D31: A | E31: Mexico | F31: South Korea | G31: L | H31: 1 | I31: 0 | J31: 2 | K31: 1 | M31: =IF(OR($H31="",$I31=""),"",IF(OR(J31="",K31=""),-1,(IF(AND(J31=$H31,K31=$I31),5,IF(SIGN(J31-K31)=SIGN($H31-$I31),IF((J31-K31)=($H31-$I31),4,3),0)))*IF(L31="J",2,1))) -> 4 | N31: 2 | O31: 2 | Q31: =IF(OR($H31="",$I31=""),"",IF(OR(N31="",O31=""),-1,(IF(AND(N31=$H31,O31=$I31),5,IF(SIGN(N31-O31)=SIGN($H31-$I31),IF((N31-O31)=($H31-$I31),4,3),0)))*IF(P31="J",2,1))) -> 0 | R31: 2 | S31: 2 | U31: =IF(OR($H31="",$I31=""),"",IF(OR(R31="",S31=""),-1,(IF(AND(R31=$H31,S31=$I31),5,IF(SIGN(R31-S31)=SIGN($H31-$I31),IF((R31-S31)=($H31-$I31),4,3),0)))*IF(T31="J",2,1))) -> 0 | V31: Estadio Akron, Guadalajara
A32: 29 | B32: Fri, Jun 19 | C32: 14:00 | D32: D | E32: United States | F32: Australia | G32: L | H32: 2 | I32: 0 | J32: 2 | K32: 1 | M32: =IF(OR($H32="",$I32=""),"",IF(OR(J32="",K32=""),-1,(IF(AND(J32=$H32,K32=$I32),5,IF(SIGN(J32-K32)=SIGN($H32-$I32),IF((J32-K32)=($H32-$I32),4,3),0)))*IF(L32="J",2,1))) -> 3 | N32: 2 | O32: 1 | Q32: =IF(OR($H32="",$I32=""),"",IF(OR(N32="",O32=""),-1,(IF(AND(N32=$H32,O32=$I32),5,IF(SIGN(N32-O32)=SIGN($H32-$I32),IF((N32-O32)=($H32-$I32),4,3),0)))*IF(P32="J",2,1))) -> 3 | R32: 2 | S32: 1 | U32: =IF(OR($H32="",$I32=""),"",IF(OR(R32="",S32=""),-1,(IF(AND(R32=$H32,S32=$I32),5,IF(SIGN(R32-S32)=SIGN($H32-$I32),IF((R32-S32)=($H32-$I32),4,3),0)))*IF(T32="J",2,1))) -> 3 | V32: Lumen Field, Seattle
A33: 30 | B33: Fri, Jun 19 | C33: 17:00 | D33: C | E33: Scotland | F33: Morocco | G33: L | H33: 0 | I33: 1 | J33: 1 | K33: 2 | M33: =IF(OR($H33="",$I33=""),"",IF(OR(J33="",K33=""),-1,(IF(AND(J33=$H33,K33=$I33),5,IF(SIGN(J33-K33)=SIGN($H33-$I33),IF((J33-K33)=($H33-$I33),4,3),0)))*IF(L33="J",2,1))) -> 4 | N33: 1 | O33: 2 | Q33: =IF(OR($H33="",$I33=""),"",IF(OR(N33="",O33=""),-1,(IF(AND(N33=$H33,O33=$I33),5,IF(SIGN(N33-O33)=SIGN($H33-$I33),IF((N33-O33)=($H33-$I33),4,3),0)))*IF(P33="J",2,1))) -> 4 | R33: 1 | S33: 2 | U33: =IF(OR($H33="",$I33=""),"",IF(OR(R33="",S33=""),-1,(IF(AND(R33=$H33,S33=$I33),5,IF(SIGN(R33-S33)=SIGN($H33-$I33),IF((R33-S33)=($H33-$I33),4,3),0)))*IF(T33="J",2,1))) -> 4 | V33: Gillette Stadium, Foxboro
A34: 31 | B34: Fri, Jun 19 | C34: 19:30 | D34: C | E34: Brazil | F34: Haiti | G34: L | H34: 3 | I34: 0 | J34: 3 | K34: 0 | L34: J | M34: =IF(OR($H34="",$I34=""),"",IF(OR(J34="",K34=""),-1,(IF(AND(J34=$H34,K34=$I34),5,IF(SIGN(J34-K34)=SIGN($H34-$I34),IF((J34-K34)=($H34-$I34),4,3),0)))*IF(L34="J",2,1))) -> 10 | N34: 3 | O34: 0 | P34: J | Q34: =IF(OR($H34="",$I34=""),"",IF(OR(N34="",O34=""),-1,(IF(AND(N34=$H34,O34=$I34),5,IF(SIGN(N34-O34)=SIGN($H34-$I34),IF((N34-O34)=($H34-$I34),4,3),0)))*IF(P34="J",2,1))) -> 10 | R34: 3 | S34: 0 | U34: =IF(OR($H34="",$I34=""),"",IF(OR(R34="",S34=""),-1,(IF(AND(R34=$H34,S34=$I34),5,IF(SIGN(R34-S34)=SIGN($H34-$I34),IF((R34-S34)=($H34-$I34),4,3),0)))*IF(T34="J",2,1))) -> 5 | V34: Lincoln Financial Field, Philadelphia
A35: 32 | B35: Fri, Jun 19 | C35: 22:00 | D35: D | E35: Türkiye | F35: Paraguay | G35: L | H35: 0 | I35: 1 | J35: 2 | K35: 1 | M35: =IF(OR($H35="",$I35=""),"",IF(OR(J35="",K35=""),-1,(IF(AND(J35=$H35,K35=$I35),5,IF(SIGN(J35-K35)=SIGN($H35-$I35),IF((J35-K35)=($H35-$I35),4,3),0)))*IF(L35="J",2,1))) -> 0 | N35: 2 | O35: 1 | Q35: =IF(OR($H35="",$I35=""),"",IF(OR(N35="",O35=""),-1,(IF(AND(N35=$H35,O35=$I35),5,IF(SIGN(N35-O35)=SIGN($H35-$I35),IF((N35-O35)=($H35-$I35),4,3),0)))*IF(P35="J",2,1))) -> 0 | R35: 1 | S35: 0 | U35: =IF(OR($H35="",$I35=""),"",IF(OR(R35="",S35=""),-1,(IF(AND(R35=$H35,S35=$I35),5,IF(SIGN(R35-S35)=SIGN($H35-$I35),IF((R35-S35)=($H35-$I35),4,3),0)))*IF(T35="J",2,1))) -> 0 | V35: Levi's Stadium, Santa Clara
A36: 33 | B36: Fri, Jun 19 | C36: 23:00 | D36: F | E36: Tunisia | F36: Japan | G36: L | H36: 0 | I36: 4 | J36: 0 | K36: 3 | M36: =IF(OR($H36="",$I36=""),"",IF(OR(J36="",K36=""),-1,(IF(AND(J36=$H36,K36=$I36),5,IF(SIGN(J36-K36)=SIGN($H36-$I36),IF((J36-K36)=($H36-$I36),4,3),0)))*IF(L36="J",2,1))) -> 3 | N36: 0 | O36: 2 | Q36: =IF(OR($H36="",$I36=""),"",IF(OR(N36="",O36=""),-1,(IF(AND(N36=$H36,O36=$I36),5,IF(SIGN(N36-O36)=SIGN($H36-$I36),IF((N36-O36)=($H36-$I36),4,3),0)))*IF(P36="J",2,1))) -> 3 | R36: 0 | S36: 2 | U36: =IF(OR($H36="",$I36=""),"",IF(OR(R36="",S36=""),-1,(IF(AND(R36=$H36,S36=$I36),5,IF(SIGN(R36-S36)=SIGN($H36-$I36),IF((R36-S36)=($H36-$I36),4,3),0)))*IF(T36="J",2,1))) -> 3 | V36: Estadio BBVA, Monterrey
A37: 34 | B37: Sat, Jun 20 | C37: 12:00 | D37: F | E37: Netherlands | F37: Sweden | G37: L | H37: 5 | I37: 1 | J37: 2 | K37: 1 | M37: =IF(OR($H37="",$I37=""),"",IF(OR(J37="",K37=""),-1,(IF(AND(J37=$H37,K37=$I37),5,IF(SIGN(J37-K37)=SIGN($H37-$I37),IF((J37-K37)=($H37-$I37),4,3),0)))*IF(L37="J",2,1))) -> 3 | N37: 2 | O37: 2 | Q37: =IF(OR($H37="",$I37=""),"",IF(OR(N37="",O37=""),-1,(IF(AND(N37=$H37,O37=$I37),5,IF(SIGN(N37-O37)=SIGN($H37-$I37),IF((N37-O37)=($H37-$I37),4,3),0)))*IF(P37="J",2,1))) -> 0 | R37: 2 | S37: 2 | U37: =IF(OR($H37="",$I37=""),"",IF(OR(R37="",S37=""),-1,(IF(AND(R37=$H37,S37=$I37),5,IF(SIGN(R37-S37)=SIGN($H37-$I37),IF((R37-S37)=($H37-$I37),4,3),0)))*IF(T37="J",2,1))) -> 0 | V37: NRG Stadium, Houston
A38: 35 | B38: Sat, Jun 20 | C38: 15:00 | D38: E | E38: Germany | F38: Ivory Coast | G38: L | H38: 2 | I38: 1 | J38: 3 | K38: 1 | M38: =IF(OR($H38="",$I38=""),"",IF(OR(J38="",K38=""),-1,(IF(AND(J38=$H38,K38=$I38),5,IF(SIGN(J38-K38)=SIGN($H38-$I38),IF((J38-K38)=($H38-$I38),4,3),0)))*IF(L38="J",2,1))) -> 3 | N38: 2 | O38: 1 | Q38: =IF(OR($H38="",$I38=""),"",IF(OR(N38="",O38=""),-1,(IF(AND(N38=$H38,O38=$I38),5,IF(SIGN(N38-O38)=SIGN($H38-$I38),IF((N38-O38)=($H38-$I38),4,3),0)))*IF(P38="J",2,1))) -> 5 | R38: 3 | S38: 2 | U38: =IF(OR($H38="",$I38=""),"",IF(OR(R38="",S38=""),-1,(IF(AND(R38=$H38,S38=$I38),5,IF(SIGN(R38-S38)=SIGN($H38-$I38),IF((R38-S38)=($H38-$I38),4,3),0)))*IF(T38="J",2,1))) -> 4 | V38: BMO Field, Toronto
A39: 36 | B39: Sat, Jun 20 | C39: 19:00 | D39: E | E39: Ecuador | F39: Curaçao | G39: L | H39: 0 | I39: 0 | J39: 3 | K39: 1 | M39: =IF(OR($H39="",$I39=""),"",IF(OR(J39="",K39=""),-1,(IF(AND(J39=$H39,K39=$I39),5,IF(SIGN(J39-K39)=SIGN($H39-$I39),IF((J39-K39)=($H39-$I39),4,3),0)))*IF(L39="J",2,1))) -> 0 | N39: 3 | O39: 2 | Q39: =IF(OR($H39="",$I39=""),"",IF(OR(N39="",O39=""),-1,(IF(AND(N39=$H39,O39=$I39),5,IF(SIGN(N39-O39)=SIGN($H39-$I39),IF((N39-O39)=($H39-$I39),4,3),0)))*IF(P39="J",2,1))) -> 0 | R39: 3 | S39: 0 | U39: =IF(OR($H39="",$I39=""),"",IF(OR(R39="",S39=""),-1,(IF(AND(R39=$H39,S39=$I39),5,IF(SIGN(R39-S39)=SIGN($H39-$I39),IF((R39-S39)=($H39-$I39),4,3),0)))*IF(T39="J",2,1))) -> 0 | V39: Arrowhead Stadium, Kansas City
A40: 37 | B40: Sun, Jun 21 | C40: 11:00 | D40: H | E40: Spain | F40: Saudi Arabia | G40: L | H40: 5 | I40: 0 | J40: 3 | K40: 0 | L40: J | M40: =IF(OR($H40="",$I40=""),"",IF(OR(J40="",K40=""),-1,(IF(AND(J40=$H40,K40=$I40),5,IF(SIGN(J40-K40)=SIGN($H40-$I40),IF((J40-K40)=($H40-$I40),4,3),0)))*IF(L40="J",2,1))) -> 6 | N40: 2 | O40: 0 | P40: J | Q40: =IF(OR($H40="",$I40=""),"",IF(OR(N40="",O40=""),-1,(IF(AND(N40=$H40,O40=$I40),5,IF(SIGN(N40-O40)=SIGN($H40-$I40),IF((N40-O40)=($H40-$I40),4,3),0)))*IF(P40="J",2,1))) -> 6 | R40: 3 | S40: 0 | U40: =IF(OR($H40="",$I40=""),"",IF(OR(R40="",S40=""),-1,(IF(AND(R40=$H40,S40=$I40),5,IF(SIGN(R40-S40)=SIGN($H40-$I40),IF((R40-S40)=($H40-$I40),4,3),0)))*IF(T40="J",2,1))) -> 3 | V40: Mercedes-Benz Stadium, Atlanta
A41: 38 | B41: Sun, Jun 21 | C41: 14:00 | D41: G | E41: Belgium | F41: Iran | J41: 2 | K41: 0 | M41: =IF(OR($H41="",$I41=""),"",IF(OR(J41="",K41=""),-1,(IF(AND(J41=$H41,K41=$I41),5,IF(SIGN(J41-K41)=SIGN($H41-$I41),IF((J41-K41)=($H41-$I41),4,3),0)))*IF(L41="J",2,1))) | N41: 3 | O41: 1 | Q41: =IF(OR($H41="",$I41=""),"",IF(OR(N41="",O41=""),-1,(IF(AND(N41=$H41,O41=$I41),5,IF(SIGN(N41-O41)=SIGN($H41-$I41),IF((N41-O41)=($H41-$I41),4,3),0)))*IF(P41="J",2,1))) | R41: 2 | S41: 0 | U41: =IF(OR($H41="",$I41=""),"",IF(OR(R41="",S41=""),-1,(IF(AND(R41=$H41,S41=$I41),5,IF(SIGN(R41-S41)=SIGN($H41-$I41),IF((R41-S41)=($H41-$I41),4,3),0)))*IF(T41="J",2,1))) | V41: SoFi Stadium, Inglewood
A42: 39 | B42: Sun, Jun 21 | C42: 17:00 | D42: H | E42: Uruguay | F42: Cape Verde | J42: 1 | K42: 0 | M42: =IF(OR($H42="",$I42=""),"",IF(OR(J42="",K42=""),-1,(IF(AND(J42=$H42,K42=$I42),5,IF(SIGN(J42-K42)=SIGN($H42-$I42),IF((J42-K42)=($H42-$I42),4,3),0)))*IF(L42="J",2,1))) | N42: 2 | O42: 0 | Q42: =IF(OR($H42="",$I42=""),"",IF(OR(N42="",O42=""),-1,(IF(AND(N42=$H42,O42=$I42),5,IF(SIGN(N42-O42)=SIGN($H42-$I42),IF((N42-O42)=($H42-$I42),4,3),0)))*IF(P42="J",2,1))) | R42: 1 | S42: 0 | U42: =IF(OR($H42="",$I42=""),"",IF(OR(R42="",S42=""),-1,(IF(AND(R42=$H42,S42=$I42),5,IF(SIGN(R42-S42)=SIGN($H42-$I42),IF((R42-S42)=($H42-$I42),4,3),0)))*IF(T42="J",2,1))) | V42: Hard Rock Stadium, Miami
A43: 40 | B43: Sun, Jun 21 | C43: 20:00 | D43: G | E43: New Zealand | F43: Egypt | J43: 1 | K43: 2 | M43: =IF(OR($H43="",$I43=""),"",IF(OR(J43="",K43=""),-1,(IF(AND(J43=$H43,K43=$I43),5,IF(SIGN(J43-K43)=SIGN($H43-$I43),IF((J43-K43)=($H43-$I43),4,3),0)))*IF(L43="J",2,1))) | N43: 1 | O43: 3 | Q43: =IF(OR($H43="",$I43=""),"",IF(OR(N43="",O43=""),-1,(IF(AND(N43=$H43,O43=$I43),5,IF(SIGN(N43-O43)=SIGN($H43-$I43),IF((N43-O43)=($H43-$I43),4,3),0)))*IF(P43="J",2,1))) | R43: 1 | S43: 2 | U43: =IF(OR($H43="",$I43=""),"",IF(OR(R43="",S43=""),-1,(IF(AND(R43=$H43,S43=$I43),5,IF(SIGN(R43-S43)=SIGN($H43-$I43),IF((R43-S43)=($H43-$I43),4,3),0)))*IF(T43="J",2,1))) | V43: BC Place, Vancouver
A44: 41 | B44: Mon, Jun 22 | C44: 12:00 | D44: J | E44: Argentina | F44: Austria | M44: =IF(OR($H44="",$I44=""),"",IF(OR(J44="",K44=""),-1,(IF(AND(J44=$H44,K44=$I44),5,IF(SIGN(J44-K44)=SIGN($H44-$I44),IF((J44-K44)=($H44-$I44),4,3),0)))*IF(L44="J",2,1))) | Q44: =IF(OR($H44="",$I44=""),"",IF(OR(N44="",O44=""),-1,(IF(AND(N44=$H44,O44=$I44),5,IF(SIGN(N44-O44)=SIGN($H44-$I44),IF((N44-O44)=($H44-$I44),4,3),0)))*IF(P44="J",2,1))) | U44: =IF(OR($H44="",$I44=""),"",IF(OR(R44="",S44=""),-1,(IF(AND(R44=$H44,S44=$I44),5,IF(SIGN(R44-S44)=SIGN($H44-$I44),IF((R44-S44)=($H44-$I44),4,3),0)))*IF(T44="J",2,1))) | V44: AT&T Stadium, Arlington
A45: 42 | B45: Mon, Jun 22 | C45: 16:00 | D45: I | E45: France | F45: Iraq | M45: =IF(OR($H45="",$I45=""),"",IF(OR(J45="",K45=""),-1,(IF(AND(J45=$H45,K45=$I45),5,IF(SIGN(J45-K45)=SIGN($H45-$I45),IF((J45-K45)=($H45-$I45),4,3),0)))*IF(L45="J",2,1))) | Q45: =IF(OR($H45="",$I45=""),"",IF(OR(N45="",O45=""),-1,(IF(AND(N45=$H45,O45=$I45),5,IF(SIGN(N45-O45)=SIGN($H45-$I45),IF((N45-O45)=($H45-$I45),4,3),0)))*IF(P45="J",2,1))) | U45: =IF(OR($H45="",$I45=""),"",IF(OR(R45="",S45=""),-1,(IF(AND(R45=$H45,S45=$I45),5,IF(SIGN(R45-S45)=SIGN($H45-$I45),IF((R45-S45)=($H45-$I45),4,3),0)))*IF(T45="J",2,1))) | V45: Lincoln Financial Field, Philadelphia
A46: 43 | B46: Mon, Jun 22 | C46: 19:00 | D46: I | E46: Norway | F46: Senegal | M46: =IF(OR($H46="",$I46=""),"",IF(OR(J46="",K46=""),-1,(IF(AND(J46=$H46,K46=$I46),5,IF(SIGN(J46-K46)=SIGN($H46-$I46),IF((J46-K46)=($H46-$I46),4,3),0)))*IF(L46="J",2,1))) | Q46: =IF(OR($H46="",$I46=""),"",IF(OR(N46="",O46=""),-1,(IF(AND(N46=$H46,O46=$I46),5,IF(SIGN(N46-O46)=SIGN($H46-$I46),IF((N46-O46)=($H46-$I46),4,3),0)))*IF(P46="J",2,1))) | U46: =IF(OR($H46="",$I46=""),"",IF(OR(R46="",S46=""),-1,(IF(AND(R46=$H46,S46=$I46),5,IF(SIGN(R46-S46)=SIGN($H46-$I46),IF((R46-S46)=($H46-$I46),4,3),0)))*IF(T46="J",2,1))) | V46: MetLife Stadium, East Rutherford
A47: 44 | B47: Mon, Jun 22 | C47: 22:00 | D47: J | E47: Jordan | F47: Algeria | M47: =IF(OR($H47="",$I47=""),"",IF(OR(J47="",K47=""),-1,(IF(AND(J47=$H47,K47=$I47),5,IF(SIGN(J47-K47)=SIGN($H47-$I47),IF((J47-K47)=($H47-$I47),4,3),0)))*IF(L47="J",2,1))) | Q47: =IF(OR($H47="",$I47=""),"",IF(OR(N47="",O47=""),-1,(IF(AND(N47=$H47,O47=$I47),5,IF(SIGN(N47-O47)=SIGN($H47-$I47),IF((N47-O47)=($H47-$I47),4,3),0)))*IF(P47="J",2,1))) | U47: =IF(OR($H47="",$I47=""),"",IF(OR(R47="",S47=""),-1,(IF(AND(R47=$H47,S47=$I47),5,IF(SIGN(R47-S47)=SIGN($H47-$I47),IF((R47-S47)=($H47-$I47),4,3),0)))*IF(T47="J",2,1))) | V47: Levi's Stadium, Santa Clara
A48: 45 | B48: Tue, Jun 23 | C48: 12:00 | D48: K | E48: Portugal | F48: Uzbekistan | M48: =IF(OR($H48="",$I48=""),"",IF(OR(J48="",K48=""),-1,(IF(AND(J48=$H48,K48=$I48),5,IF(SIGN(J48-K48)=SIGN($H48-$I48),IF((J48-K48)=($H48-$I48),4,3),0)))*IF(L48="J",2,1))) | Q48: =IF(OR($H48="",$I48=""),"",IF(OR(N48="",O48=""),-1,(IF(AND(N48=$H48,O48=$I48),5,IF(SIGN(N48-O48)=SIGN($H48-$I48),IF((N48-O48)=($H48-$I48),4,3),0)))*IF(P48="J",2,1))) | U48: =IF(OR($H48="",$I48=""),"",IF(OR(R48="",S48=""),-1,(IF(AND(R48=$H48,S48=$I48),5,IF(SIGN(R48-S48)=SIGN($H48-$I48),IF((R48-S48)=($H48-$I48),4,3),0)))*IF(T48="J",2,1))) | V48: NRG Stadium, Houston
A49: 46 | B49: Tue, Jun 23 | C49: 15:00 | D49: L | E49: England | F49: Ghana | M49: =IF(OR($H49="",$I49=""),"",IF(OR(J49="",K49=""),-1,(IF(AND(J49=$H49,K49=$I49),5,IF(SIGN(J49-K49)=SIGN($H49-$I49),IF((J49-K49)=($H49-$I49),4,3),0)))*IF(L49="J",2,1))) | Q49: =IF(OR($H49="",$I49=""),"",IF(OR(N49="",O49=""),-1,(IF(AND(N49=$H49,O49=$I49),5,IF(SIGN(N49-O49)=SIGN($H49-$I49),IF((N49-O49)=($H49-$I49),4,3),0)))*IF(P49="J",2,1))) | U49: =IF(OR($H49="",$I49=""),"",IF(OR(R49="",S49=""),-1,(IF(AND(R49=$H49,S49=$I49),5,IF(SIGN(R49-S49)=SIGN($H49-$I49),IF((R49-S49)=($H49-$I49),4,3),0)))*IF(T49="J",2,1))) | V49: Gillette Stadium, Foxborough
A50: 47 | B50: Tue, Jun 23 | C50: 18:00 | D50: L | E50: Panama | F50: Croatia | M50: =IF(OR($H50="",$I50=""),"",IF(OR(J50="",K50=""),-1,(IF(AND(J50=$H50,K50=$I50),5,IF(SIGN(J50-K50)=SIGN($H50-$I50),IF((J50-K50)=($H50-$I50),4,3),0)))*IF(L50="J",2,1))) | Q50: =IF(OR($H50="",$I50=""),"",IF(OR(N50="",O50=""),-1,(IF(AND(N50=$H50,O50=$I50),5,IF(SIGN(N50-O50)=SIGN($H50-$I50),IF((N50-O50)=($H50-$I50),4,3),0)))*IF(P50="J",2,1))) | U50: =IF(OR($H50="",$I50=""),"",IF(OR(R50="",S50=""),-1,(IF(AND(R50=$H50,S50=$I50),5,IF(SIGN(R50-S50)=SIGN($H50-$I50),IF((R50-S50)=($H50-$I50),4,3),0)))*IF(T50="J",2,1))) | V50: BMO Field, Toronto
A51: 48 | B51: Tue, Jun 23 | C51: 21:00 | D51: K | E51: Colombia | F51: DR Congo | M51: =IF(OR($H51="",$I51=""),"",IF(OR(J51="",K51=""),-1,(IF(AND(J51=$H51,K51=$I51),5,IF(SIGN(J51-K51)=SIGN($H51-$I51),IF((J51-K51)=($H51-$I51),4,3),0)))*IF(L51="J",2,1))) | Q51: =IF(OR($H51="",$I51=""),"",IF(OR(N51="",O51=""),-1,(IF(AND(N51=$H51,O51=$I51),5,IF(SIGN(N51-O51)=SIGN($H51-$I51),IF((N51-O51)=($H51-$I51),4,3),0)))*IF(P51="J",2,1))) | U51: =IF(OR($H51="",$I51=""),"",IF(OR(R51="",S51=""),-1,(IF(AND(R51=$H51,S51=$I51),5,IF(SIGN(R51-S51)=SIGN($H51-$I51),IF((R51-S51)=($H51-$I51),4,3),0)))*IF(T51="J",2,1))) | V51: Estadio Akron, Guadalajara
A52: 49 | B52: Wed, Jun 24 | C52: 14:00 | D52: B | E52: Switzerland | F52: Canada | M52: =IF(OR($H52="",$I52=""),"",IF(OR(J52="",K52=""),-1,(IF(AND(J52=$H52,K52=$I52),5,IF(SIGN(J52-K52)=SIGN($H52-$I52),IF((J52-K52)=($H52-$I52),4,3),0)))*IF(L52="J",2,1))) | Q52: =IF(OR($H52="",$I52=""),"",IF(OR(N52="",O52=""),-1,(IF(AND(N52=$H52,O52=$I52),5,IF(SIGN(N52-O52)=SIGN($H52-$I52),IF((N52-O52)=($H52-$I52),4,3),0)))*IF(P52="J",2,1))) | U52: =IF(OR($H52="",$I52=""),"",IF(OR(R52="",S52=""),-1,(IF(AND(R52=$H52,S52=$I52),5,IF(SIGN(R52-S52)=SIGN($H52-$I52),IF((R52-S52)=($H52-$I52),4,3),0)))*IF(T52="J",2,1))) | V52: BC Place, Vancouver
A53: 50 | B53: Wed, Jun 24 | C53: 14:00 | D53: B | E53: Bosnia-Herzegovina | F53: Qatar | M53: =IF(OR($H53="",$I53=""),"",IF(OR(J53="",K53=""),-1,(IF(AND(J53=$H53,K53=$I53),5,IF(SIGN(J53-K53)=SIGN($H53-$I53),IF((J53-K53)=($H53-$I53),4,3),0)))*IF(L53="J",2,1))) | Q53: =IF(OR($H53="",$I53=""),"",IF(OR(N53="",O53=""),-1,(IF(AND(N53=$H53,O53=$I53),5,IF(SIGN(N53-O53)=SIGN($H53-$I53),IF((N53-O53)=($H53-$I53),4,3),0)))*IF(P53="J",2,1))) | U53: =IF(OR($H53="",$I53=""),"",IF(OR(R53="",S53=""),-1,(IF(AND(R53=$H53,S53=$I53),5,IF(SIGN(R53-S53)=SIGN($H53-$I53),IF((R53-S53)=($H53-$I53),4,3),0)))*IF(T53="J",2,1))) | V53: Lumen Field, Seattle
A54: 51 | B54: Wed, Jun 24 | C54: 17:00 | D54: C | E54: Scotland | F54: Brazil | M54: =IF(OR($H54="",$I54=""),"",IF(OR(J54="",K54=""),-1,(IF(AND(J54=$H54,K54=$I54),5,IF(SIGN(J54-K54)=SIGN($H54-$I54),IF((J54-K54)=($H54-$I54),4,3),0)))*IF(L54="J",2,1))) | Q54: =IF(OR($H54="",$I54=""),"",IF(OR(N54="",O54=""),-1,(IF(AND(N54=$H54,O54=$I54),5,IF(SIGN(N54-O54)=SIGN($H54-$I54),IF((N54-O54)=($H54-$I54),4,3),0)))*IF(P54="J",2,1))) | U54: =IF(OR($H54="",$I54=""),"",IF(OR(R54="",S54=""),-1,(IF(AND(R54=$H54,S54=$I54),5,IF(SIGN(R54-S54)=SIGN($H54-$I54),IF((R54-S54)=($H54-$I54),4,3),0)))*IF(T54="J",2,1))) | V54: Hard Rock Stadium, Miami
A55: 52 | B55: Wed, Jun 24 | C55: 17:00 | D55: C | E55: Morocco | F55: Haiti | M55: =IF(OR($H55="",$I55=""),"",IF(OR(J55="",K55=""),-1,(IF(AND(J55=$H55,K55=$I55),5,IF(SIGN(J55-K55)=SIGN($H55-$I55),IF((J55-K55)=($H55-$I55),4,3),0)))*IF(L55="J",2,1))) | Q55: =IF(OR($H55="",$I55=""),"",IF(OR(N55="",O55=""),-1,(IF(AND(N55=$H55,O55=$I55),5,IF(SIGN(N55-O55)=SIGN($H55-$I55),IF((N55-O55)=($H55-$I55),4,3),0)))*IF(P55="J",2,1))) | U55: =IF(OR($H55="",$I55=""),"",IF(OR(R55="",S55=""),-1,(IF(AND(R55=$H55,S55=$I55),5,IF(SIGN(R55-S55)=SIGN($H55-$I55),IF((R55-S55)=($H55-$I55),4,3),0)))*IF(T55="J",2,1))) | V55: Mercedes-Benz Stadium, Atlanta
... A75: 72 | B75: Sat, Jun 27 | C75: 21:00 | D75: J | E75: Algeria | F75: Austria | M75: =IF(OR($H75="",$I75=""),"",IF(OR(J75="",K75=""),-1,(IF(AND(J75=$H75,K75=$I75),5,IF(SIGN(J75-K75)=SIGN($H75-$I75),IF((J75-K75)=($H75-$I75),4,3),0)))*IF(L75="J",2,1))) | Q75: =IF(OR($H75="",$I75=""),"",IF(OR(N75="",O75=""),-1,(IF(AND(N75=$H75,O75=$I75),5,IF(SIGN(N75-O75)=SIGN($H75-$I75),IF((N75-O75)=($H75-$I75),4,3),0)))*IF(P75="J",2,1))) | U75: =IF(OR($H75="",$I75=""),"",IF(OR(R75="",S75=""),-1,(IF(AND(R75=$H75,S75=$I75),5,IF(SIGN(R75-S75)=SIGN($H75-$I75),IF((R75-S75)=($H75-$I75),4,3),0)))*IF(T75="J",2,1))) | V75: Arrowhead Stadium, Kansas City

Sheet Knockout
A1: KNOCKOUT STAGE — teams, dates & scores auto-fill from results · then predict each scoreline (same rules, 'J' = Joker)
A2: MATCH | G2: ACTUAL | J2: GANESH | N2: SIDDHESH | R2: ANIKET
A3: # | B3: Round | C3: Date (auto) | D3: Stg | E3: Home | F3: Away | G3: Lock | H3: Act H | I3: Act A | J3: G H | K3: G A | L3: Jk | M3: G Pts | N3: S H | O3: S A | P3: Jk | Q3: S Pts | R3: A H | S3: A A | T3: Jk | U3: A Pts
A4: 73 | B4: Round of 32 | C4: 46201 | D4: R32 | M4: =IF(OR($H4="",$I4=""),"",IF(OR(J4="",K4=""),-1,(IF(AND(J4=$H4,K4=$I4),5,IF(SIGN(J4-K4)=SIGN($H4-$I4),IF((J4-K4)=($H4-$I4),4,3),0)))*IF(L4="J",2,1))) | Q4: =IF(OR($H4="",$I4=""),"",IF(OR(N4="",O4=""),-1,(IF(AND(N4=$H4,O4=$I4),5,IF(SIGN(N4-O4)=SIGN($H4-$I4),IF((N4-O4)=($H4-$I4),4,3),0)))*IF(P4="J",2,1))) | U4: =IF(OR($H4="",$I4=""),"",IF(OR(R4="",S4=""),-1,(IF(AND(R4=$H4,S4=$I4),5,IF(SIGN(R4-S4)=SIGN($H4-$I4),IF((R4-S4)=($H4-$I4),4,3),0)))*IF(T4="J",2,1)))
A5: 74 | B5: Round of 32 | C5: 46202 | D5: R32 | M5: =IF(OR($H5="",$I5=""),"",IF(OR(J5="",K5=""),-1,(IF(AND(J5=$H5,K5=$I5),5,IF(SIGN(J5-K5)=SIGN($H5-$I5),IF((J5-K5)=($H5-$I5),4,3),0)))*IF(L5="J",2,1))) | Q5: =IF(OR($H5="",$I5=""),"",IF(OR(N5="",O5=""),-1,(IF(AND(N5=$H5,O5=$I5),5,IF(SIGN(N5-O5)=SIGN($H5-$I5),IF((N5-O5)=($H5-$I5),4,3),0)))*IF(P5="J",2,1))) | U5: =IF(OR($H5="",$I5=""),"",IF(OR(R5="",S5=""),-1,(IF(AND(R5=$H5,S5=$I5),5,IF(SIGN(R5-S5)=SIGN($H5-$I5),IF((R5-S5)=($H5-$I5),4,3),0)))*IF(T5="J",2,1)))
A6: 75 | B6: Round of 32 | C6: 46202 | D6: R32 | M6: =IF(OR($H6="",$I6=""),"",IF(OR(J6="",K6=""),-1,(IF(AND(J6=$H6,K6=$I6),5,IF(SIGN(J6-K6)=SIGN($H6-$I6),IF((J6-K6)=($H6-$I6),4,3),0)))*IF(L6="J",2,1))) | Q6: =IF(OR($H6="",$I6=""),"",IF(OR(N6="",O6=""),-1,(IF(AND(N6=$H6,O6=$I6),5,IF(SIGN(N6-O6)=SIGN($H6-$I6),IF((N6-O6)=($H6-$I6),4,3),0)))*IF(P6="J",2,1))) | U6: =IF(OR($H6="",$I6=""),"",IF(OR(R6="",S6=""),-1,(IF(AND(R6=$H6,S6=$I6),5,IF(SIGN(R6-S6)=SIGN($H6-$I6),IF((R6-S6)=($H6-$I6),4,3),0)))*IF(T6="J",2,1)))
A7: 76 | B7: Round of 32 | C7: 46202 | D7: R32 | M7: =IF(OR($H7="",$I7=""),"",IF(OR(J7="",K7=""),-1,(IF(AND(J7=$H7,K7=$I7),5,IF(SIGN(J7-K7)=SIGN($H7-$I7),IF((J7-K7)=($H7-$I7),4,3),0)))*IF(L7="J",2,1))) | Q7: =IF(OR($H7="",$I7=""),"",IF(OR(N7="",O7=""),-1,(IF(AND(N7=$H7,O7=$I7),5,IF(SIGN(N7-O7)=SIGN($H7-$I7),IF((N7-O7)=($H7-$I7),4,3),0)))*IF(P7="J",2,1))) | U7: =IF(OR($H7="",$I7=""),"",IF(OR(R7="",S7=""),-1,(IF(AND(R7=$H7,S7=$I7),5,IF(SIGN(R7-S7)=SIGN($H7-$I7),IF((R7-S7)=($H7-$I7),4,3),0)))*IF(T7="J",2,1)))
A8: 77 | B8: Round of 32 | C8: 46203 | D8: R32 | M8: =IF(OR($H8="",$I8=""),"",IF(OR(J8="",K8=""),-1,(IF(AND(J8=$H8,K8=$I8),5,IF(SIGN(J8-K8)=SIGN($H8-$I8),IF((J8-K8)=($H8-$I8),4,3),0)))*IF(L8="J",2,1))) | Q8: =IF(OR($H8="",$I8=""),"",IF(OR(N8="",O8=""),-1,(IF(AND(N8=$H8,O8=$I8),5,IF(SIGN(N8-O8)=SIGN($H8-$I8),IF((N8-O8)=($H8-$I8),4,3),0)))*IF(P8="J",2,1))) | U8: =IF(OR($H8="",$I8=""),"",IF(OR(R8="",S8=""),-1,(IF(AND(R8=$H8,S8=$I8),5,IF(SIGN(R8-S8)=SIGN($H8-$I8),IF((R8-S8)=($H8-$I8),4,3),0)))*IF(T8="J",2,1)))
A9: 78 | B9: Round of 32 | C9: 46203 | D9: R32 | M9: =IF(OR($H9="",$I9=""),"",IF(OR(J9="",K9=""),-1,(IF(AND(J9=$H9,K9=$I9),5,IF(SIGN(J9-K9)=SIGN($H9-$I9),IF((J9-K9)=($H9-$I9),4,3),0)))*IF(L9="J",2,1))) | Q9: =IF(OR($H9="",$I9=""),"",IF(OR(N9="",O9=""),-1,(IF(AND(N9=$H9,O9=$I9),5,IF(SIGN(N9-O9)=SIGN($H9-$I9),IF((N9-O9)=($H9-$I9),4,3),0)))*IF(P9="J",2,1))) | U9: =IF(OR($H9="",$I9=""),"",IF(OR(R9="",S9=""),-1,(IF(AND(R9=$H9,S9=$I9),5,IF(SIGN(R9-S9)=SIGN($H9-$I9),IF((R9-S9)=($H9-$I9),4,3),0)))*IF(T9="J",2,1)))
A10: 79 | B10: Round of 32 | C10: 46203 | D10: R32 | M10: =IF(OR($H10="",$I10=""),"",IF(OR(J10="",K10=""),-1,(IF(AND(J10=$H10,K10=$I10),5,IF(SIGN(J10-K10)=SIGN($H10-$I10),IF((J10-K10)=($H10-$I10),4,3),0)))*IF(L10="J",2,1))) | Q10: =IF(OR($H10="",$I10=""),"",IF(OR(N10="",O10=""),-1,(IF(AND(N10=$H10,O10=$I10),5,IF(SIGN(N10-O10)=SIGN($H10-$I10),IF((N10-O10)=($H10-$I10),4,3),0)))*IF(P10="J",2,1))) | U10: =IF(OR($H10="",$I10=""),"",IF(OR(R10="",S10=""),-1,(IF(AND(R10=$H10,S10=$I10),5,IF(SIGN(R10-S10)=SIGN($H10-$I10),IF((R10-S10)=($H10-$I10),4,3),0)))*IF(T10="J",2,1)))
A11: 80 | B11: Round of 32 | C11: 46204 | D11: R32 | M11: =IF(OR($H11="",$I11=""),"",IF(OR(J11="",K11=""),-1,(IF(AND(J11=$H11,K11=$I11),5,IF(SIGN(J11-K11)=SIGN($H11-$I11),IF((J11-K11)=($H11-$I11),4,3),0)))*IF(L11="J",2,1))) | Q11: =IF(OR($H11="",$I11=""),"",IF(OR(N11="",O11=""),-1,(IF(AND(N11=$H11,O11=$I11),5,IF(SIGN(N11-O11)=SIGN($H11-$I11),IF((N11-O11)=($H11-$I11),4,3),0)))*IF(P11="J",2,1))) | U11: =IF(OR($H11="",$I11=""),"",IF(OR(R11="",S11=""),-1,(IF(AND(R11=$H11,S11=$I11),5,IF(SIGN(R11-S11)=SIGN($H11-$I11),IF((R11-S11)=($H11-$I11),4,3),0)))*IF(T11="J",2,1)))
A12: 81 | B12: Round of 32 | C12: 46204 | D12: R32 | M12: =IF(OR($H12="",$I12=""),"",IF(OR(J12="",K12=""),-1,(IF(AND(J12=$H12,K12=$I12),5,IF(SIGN(J12-K12)=SIGN($H12-$I12),IF((J12-K12)=($H12-$I12),4,3),0)))*IF(L12="J",2,1))) | Q12: =IF(OR($H12="",$I12=""),"",IF(OR(N12="",O12=""),-1,(IF(AND(N12=$H12,O12=$I12),5,IF(SIGN(N12-O12)=SIGN($H12-$I12),IF((N12-O12)=($H12-$I12),4,3),0)))*IF(P12="J",2,1))) | U12: =IF(OR($H12="",$I12=""),"",IF(OR(R12="",S12=""),-1,(IF(AND(R12=$H12,S12=$I12),5,IF(SIGN(R12-S12)=SIGN($H12-$I12),IF((R12-S12)=($H12-$I12),4,3),0)))*IF(T12="J",2,1)))
A13: 82 | B13: Round of 32 | C13: 46204 | D13: R32 | M13: =IF(OR($H13="",$I13=""),"",IF(OR(J13="",K13=""),-1,(IF(AND(J13=$H13,K13=$I13),5,IF(SIGN(J13-K13)=SIGN($H13-$I13),IF((J13-K13)=($H13-$I13),4,3),0)))*IF(L13="J",2,1))) | Q13: =IF(OR($H13="",$I13=""),"",IF(OR(N13="",O13=""),-1,(IF(AND(N13=$H13,O13=$I13),5,IF(SIGN(N13-O13)=SIGN($H13-$I13),IF((N13-O13)=($H13-$I13),4,3),0)))*IF(P13="J",2,1))) | U13: =IF(OR($H13="",$I13=""),"",IF(OR(R13="",S13=""),-1,(IF(AND(R13=$H13,S13=$I13),5,IF(SIGN(R13-S13)=SIGN($H13-$I13),IF((R13-S13)=($H13-$I13),4,3),0)))*IF(T13="J",2,1)))
A14: 83 | B14: Round of 32 | C14: 46205 | D14: R32 | M14: =IF(OR($H14="",$I14=""),"",IF(OR(J14="",K14=""),-1,(IF(AND(J14=$H14,K14=$I14),5,IF(SIGN(J14-K14)=SIGN($H14-$I14),IF((J14-K14)=($H14-$I14),4,3),0)))*IF(L14="J",2,1))) | Q14: =IF(OR($H14="",$I14=""),"",IF(OR(N14="",O14=""),-1,(IF(AND(N14=$H14,O14=$I14),5,IF(SIGN(N14-O14)=SIGN($H14-$I14),IF((N14-O14)=($H14-$I14),4,3),0)))*IF(P14="J",2,1))) | U14: =IF(OR($H14="",$I14=""),"",IF(OR(R14="",S14=""),-1,(IF(AND(R14=$H14,S14=$I14),5,IF(SIGN(R14-S14)=SIGN($H14-$I14),IF((R14-S14)=($H14-$I14),4,3),0)))*IF(T14="J",2,1)))
A15: 84 | B15: Round of 32 | C15: 46205 | D15: R32 | M15: =IF(OR($H15="",$I15=""),"",IF(OR(J15="",K15=""),-1,(IF(AND(J15=$H15,K15=$I15),5,IF(SIGN(J15-K15)=SIGN($H15-$I15),IF((J15-K15)=($H15-$I15),4,3),0)))*IF(L15="J",2,1))) | Q15: =IF(OR($H15="",$I15=""),"",IF(OR(N15="",O15=""),-1,(IF(AND(N15=$H15,O15=$I15),5,IF(SIGN(N15-O15)=SIGN($H15-$I15),IF((N15-O15)=($H15-$I15),4,3),0)))*IF(P15="J",2,1))) | U15: =IF(OR($H15="",$I15=""),"",IF(OR(R15="",S15=""),-1,(IF(AND(R15=$H15,S15=$I15),5,IF(SIGN(R15-S15)=SIGN($H15-$I15),IF((R15-S15)=($H15-$I15),4,3),0)))*IF(T15="J",2,1)))
... A35: 104 | B35: FINAL | C35: 46222 | D35: F | M35: =IF(OR($H35="",$I35=""),"",IF(OR(J35="",K35=""),-1,(IF(AND(J35=$H35,K35=$I35),5,IF(SIGN(J35-K35)=SIGN($H35-$I35),IF((J35-K35)=($H35-$I35),4,3),0)))*IF(L35="J",2,1))) | Q35: =IF(OR($H35="",$I35=""),"",IF(OR(N35="",O35=""),-1,(IF(AND(N35=$H35,O35=$I35),5,IF(SIGN(N35-O35)=SIGN($H35-$I35),IF((N35-O35)=($H35-$I35),4,3),0)))*IF(P35="J",2,1))) | U35: =IF(OR($H35="",$I35=""),"",IF(OR(R35="",S35=""),-1,(IF(AND(R35=$H35,S35=$I35),5,IF(SIGN(R35-S35)=SIGN($H35-$I35),IF((R35-S35)=($H35-$I35),4,3),0)))*IF(T35="J",2,1)))

Sheet Bonus Calls
B2: 🎯 BONUS CALLS — lock in on Day 1, settled at the end
B3: Fill your pick. The ✓ columns auto-validate against World Cup results (see rows 18–24 below). Only rows 21–23 need manual input after the tournament.
B5: Bonus Call | C5: Pts | D5: Ganesh — pick | E5: ✓ | F5: Siddhesh — pick | G5: ✓ | H5: Aniket — pick | I5: ✓
B6: World Cup Winner | C6: 25 | D6: Spain | E6: =IF(D6="","",IF($C$18="","",IF(TRIM(LOWER(D6))=TRIM(LOWER($C$18)),"Yes",""))) | F6: Portugal | G6: =IF(F6="","",IF($C$18="","",IF(TRIM(LOWER(F6))=TRIM(LOWER($C$18)),"Yes",""))) | H6: Spain | I6: =IF(H6="","",IF($C$18="","",IF(TRIM(LOWER(H6))=TRIM(LOWER($C$18)),"Yes","")))
B7: Runner-up | C7: 12 | D7: France | E7: =IF(D7="","",IF($C$19="","",IF(TRIM(LOWER(D7))=TRIM(LOWER($C$19)),"Yes",""))) | F7: Spain | G7: =IF(F7="","",IF($C$19="","",IF(TRIM(LOWER(F7))=TRIM(LOWER($C$19)),"Yes",""))) | H7: France | I7: =IF(H7="","",IF($C$19="","",IF(TRIM(LOWER(H7))=TRIM(LOWER($C$19)),"Yes","")))
B8: Third place | C8: 8 | D8: England | E8: =IF(D8="","",IF($C$20="","",IF(TRIM(LOWER(D8))=TRIM(LOWER($C$20)),"Yes",""))) | F8: Norway | G8: =IF(F8="","",IF($C$20="","",IF(TRIM(LOWER(F8))=TRIM(LOWER($C$20)),"Yes",""))) | H8: Portugal | I8: =IF(H8="","",IF($C$20="","",IF(TRIM(LOWER(H8))=TRIM(LOWER($C$20)),"Yes","")))
B9: Golden Boot (top scorer) | C9: 15 | D9: Harry Kane | E9: =IF(D9="","",IF($C$21="","",IF(TRIM(LOWER(D9))=TRIM(LOWER($C$21)),"Yes",""))) | F9: Haaland | G9: =IF(F9="","",IF($C$21="","",IF(TRIM(LOWER(F9))=TRIM(LOWER($C$21)),"Yes",""))) | H9: Mbappe | I9: =IF(H9="","",IF($C$21="","",IF(TRIM(LOWER(H9))=TRIM(LOWER($C$21)),"Yes","")))
B10: Golden Ball (best player) | C10: 10 | D10: Pedri | E10: =IF(D10="","",IF($C$22="","",IF(TRIM(LOWER(D10))=TRIM(LOWER($C$22)),"Yes",""))) | F10: Bruno Fernandes | G10: =IF(F10="","",IF($C$22="","",IF(TRIM(LOWER(F10))=TRIM(LOWER($C$22)),"Yes",""))) | H10: Yamal | I10: =IF(H10="","",IF($C$22="","",IF(TRIM(LOWER(H10))=TRIM(LOWER($C$22)),"Yes","")))
B11: Surprise team — unseeded side to reach the Quarter-finals | C11: 10 | D11: Morocco | E11: =IF(D11="","",IF($C$23="","",IF(TRIM(LOWER(D11))=TRIM(LOWER($C$23)),"Yes",""))) | F11: Norway | G11: =IF(F11="","",IF($C$23="","",IF(TRIM(LOWER(F11))=TRIM(LOWER($C$23)),"Yes",""))) | H11: Norway | I11: =IF(H11="","",IF($C$23="","",IF(TRIM(LOWER(H11))=TRIM(LOWER($C$23)),"Yes","")))
B12: Will the USA escape the group? (Yes / No) | C12: 5 | D12: Yes | E12: =IF(D12="","",IF($C$24="","",IF(TRIM(LOWER(D12))=TRIM(LOWER($C$24)),"Yes",""))) | F12: Yes | G12: =IF(F12="","",IF($C$24="","",IF(TRIM(LOWER(F12))=TRIM(LOWER($C$24)),"Yes",""))) | H12: Yes | I12: =IF(H12="","",IF($C$24="","",IF(TRIM(LOWER(H12))=TRIM(LOWER($C$24)),"Yes","")))
B14: BONUS POINTS EARNED | D14: =SUMIF(E6:E12,"Yes",C6:C12) -> 0 | F14: =SUMIF(G6:G12,"Yes",C6:C12) -> 0 | H14: =SUMIF(I6:I12,"Yes",C6:C12) -> 0
B17: ACTUAL RESULTS | C17: (auto from World Cup data — only 3 manual inputs needed)
B18: World Cup Winner | C18: =IF(Knockout!H35="","",IF(Knockout!H35>Knockout!I35,Knockout!E35,IF(Knockout!I35>Knockout!H35,Knockout!F35,"TBD")))
B19: Runner-up | C19: =IF(Knockout!H35="","",IF(Knockout!H35>Knockout!I35,Knockout!F35,IF(Knockout!I35>Knockout!H35,Knockout!E35,"TBD")))
B20: Third place | C20: =IF(Knockout!H34="","",IF(Knockout!H34>Knockout!I34,Knockout!E34,IF(Knockout!I34>Knockout!H34,Knockout!F34,"TBD")))
B21: Golden Boot (top scorer) | D21: >>> TYPE PLAYER NAME HERE after tournament <<<
B22: Golden Ball (best player) | D22: >>> TYPE PLAYER NAME HERE after tournament <<<
B23: Surprise team (QF) | D23: >>> TYPE TEAM NAME HERE after Quarter-finals <<<
B24: USA escaped group? (Yes/No) | C24: =IF(COUNTIF(Knockout!E20:F27,"United States")>0,"Yes",IF(COUNTIF(Knockout!E4:F19,"United States")>0,"No",""))

Sheet Leaderboard
B2: 🏆 LEADERBOARD
B3: Whole tournament — Group + Knockout + Bonus. Jokers tracked across both stages.
B5: Rank | C5: Player | D5: Total | E5: Group | F5: Knockout | G5: Bonus | H5: Exact (5) | I5: Jokers used
B6: =RANK(D6,$D$6:$D$8) -> 2 | C6: Ganesh | D6: =E6+F6+G6 -> 92 | E6: =SUM('Group Stage'!M4:M75) -> 92 | F6: =SUM(Knockout!M4:M35) -> 0 | G6: ='Bonus Calls'!D14 -> 0 | H6: =COUNTIF('Group Stage'!M4:M75,5)+COUNTIF(Knockout!M4:M35,5) -> 3 | I6: =COUNTIF('Group Stage'!L4:L75,"J")+COUNTIF(Knockout!L4:L35,"J")&" / 8" -> 4 / 8
B7: =RANK(D7,$D$6:$D$8) -> 1 | C7: Siddhesh | D7: =E7+F7+G7 -> 103 | E7: =SUM('Group Stage'!Q4:Q75) -> 103 | F7: =SUM(Knockout!Q4:Q35) -> 0 | G7: ='Bonus Calls'!F14 -> 0 | H7: =COUNTIF('Group Stage'!Q4:Q75,5)+COUNTIF(Knockout!Q4:Q35,5) -> 5 | I7: =COUNTIF('Group Stage'!P4:P75,"J")+COUNTIF(Knockout!P4:P35,"J")&" / 8" -> 5 / 8
B8: =RANK(D8,$D$6:$D$8) -> 3 | C8: Aniket | D8: =E8+F8+G8 -> 78 | E8: =SUM('Group Stage'!U4:U75) -> 78 | F8: =SUM(Knockout!U4:U35) -> 0 | G8: ='Bonus Calls'!H14 -> 0 | H8: =COUNTIF('Group Stage'!U4:U75,5)+COUNTIF(Knockout!U4:U35,5) -> 3 | I8: =COUNTIF('Group Stage'!T4:T75,"J")+COUNTIF(Knockout!T4:T35,"J")&" / 8" -> 2 / 8
B10: {=IF(SUM(D6:D8)=0,"Lock in your Bonus Calls and start predicting!","👑 Leading: "&INDEX(C6:C8,MATCH(MAX(D6:D8),D6:D8,0))&" — "&MAX(D6:D8)&" pts")} -> 👑 Leading: Siddhesh — 103 pts
B12: Jokers: 8 for the whole tournament (use across Group + Knockout). Tie-break: total → exact (5pt) → Jokers landed → predict-off.
